                                                                          
     /$$     /$$ /$$$$$$  /$$      /$$ /$$$$$$$   /$$$$$$                 
    |  $$   /$$//$$__  $$| $$$    /$$$| $$__  $$ /$$__  $$                
     \  $$ /$$/| $$  \ $$| $$$$  /$$$$| $$  \ $$| $$  \ $$                
      \  $$$$/ | $$$$$$$$| $$ $$/$$ $$| $$$$$$$ | $$  | $$                
       \  $$/  | $$__  $$| $$  $$$| $$| $$__  $$| $$  | $$                
        | $$   | $$  | $$| $$\  $ | $$| $$  \ $$| $$  | $$                
        | $$   | $$  | $$| $$ \/  | $$| $$$$$$$/|  $$$$$$/                
        |__/   |__/  |__/|__/     |__/|_______/  \______/                 
                                                                          
    Version 5.3.0 Revision 23927 Hash (prev commit) 1730222ea             
                       Branch is master                                   
                 MPI+OpenMP+HDF5_MPI_IO Build                             
                   http://www.yambo-code.eu                               
 
 08/08/2025 at 09:44 yambo @ b007.anvil.rcac.purdue.edu
 ==================================================

 Cores-Threads       : 32(CPU)-128(threads)
 MPI Cores           :   32
 Threads per core    :  128
 Threads total       :   4096
 Nodes Computing     :  1
 Nodes IO            :  1

 Fragmented WFs      : yes
 CORE databases      : .
 Additional I/O      : .
 Communications      : .
 Input file          : (none)
 Report file         : ./r_setup
 Verbose log/report  : no
 Log files           : ./LOG

 Precision           : SINGLE
  
 [RD./SAVE//ns.db1]--------------------------------------------------------------
  Bands                                            :   80
  K-points                                         :   729
  G-vectors                                        :  2524437 [RL space]
  Components                                       :  315663 [wavefunctions]
  Symmetries                                       :  1 [spatial]
  Spinor components                                :  1
  Spin polarizations                               :  1
  Temperature                                      :  0.025852 [eV]
  Electrons                                        :  128.0000
  WF G-vectors                                     :   341471
  Max atoms/species                                :   32
  No. of atom species                              :  1
  Exact exchange fraction in XC                    :  0.000000
  Exact exchange screening in XC                   :  0.000000
  Magnetic symmetries                              : no
 - S/N 006728 ---------------------------------------------- v.05.03.00 r.23927 -

 [02] CORE Variables Setup
 =========================


  [02.01] Unit cells
  ==================

  Cell kind             :  HCP
  Atoms in the cell     :  C
  number of C  atoms    :   32

  List of atomic masses
  Mass of C     :  12.01100

  List of atomic coordinates    : [cc]
  C1       :  0.013201  2.767455 -0.185160  order 1
  C2       :  4.714048  2.661672 -0.121281  order 2
  C3       :  9.260780  2.716342 -0.141328  order 3
  C4       :  13.98361   2.53969   0.05253  order 4
  C5       : -2.325327  6.693991  0.192538  order 5
  C6       :  2.341477  6.600644  0.044449  order 6
  C7       :  7.069524  6.722786 -0.031915  order 7
  C8       :  11.49434   6.70936  -0.02383  order 8
  C9       :  -4.69588  10.64928   0.45311  order 9
  C10       : -0.821148E-2   10.8456    -0.220281     order 10
  C11       :   4.59788  10.78675   0.06208  order 11
  C12       :   9.36471  10.68713   0.04825  order 12
  C13       :  -7.00776  14.82360   0.08522  order 13
  C14       :  -2.27844  14.79518  -0.14438  order 14
  C15       :   2.36638  14.74565   0.10582  order 15
  C16       :   7.03295  14.65498   0.08816  order 16
  C17       :  2.313549  1.259523  0.128090  order 17
  C18       :  6.986057  1.282037 -0.009996  order 18
  C19       :  11.59488   1.33529  -0.32416  order 19
  C20       :  16.18563   1.26960  -0.29830  order 20
  C21       : -0.096373  5.334302 -0.037189  order 21
  C22       :  4.713749  5.273358  0.104471  order 22
  C23       :  9.359473  5.415809  0.252220  order 23
  C24       :  14.00309   5.49851   0.08065  order 24
  C25       : -2.409823  9.557807  0.275577  order 25
  C26       :  2.179310  9.410359 -0.184908  order 26
  C27       :  6.954365  9.334871 -0.113145  order 27
  C28       :  11.63663   9.46674   0.06917  order 28
  C29       :  -4.75719  13.34580  -0.01657  order 29
  C30       :  -0.09156  13.40073  -0.04548  order 30
  C31       :   4.79622  13.38817  -0.20340  order 31
  C32       :   9.22608  13.26658   0.05897  order 32

  Alat factors          :  18.56467  16.07747  37.79452 [a.u.]
  Direct lattice volume :   11280.6    [a.u.]
  Direct lattice vectors:  A[ 1 ]  A[ 2 ]  A[ 3 ]
   A[ 1 ]:  1.000000  0.000000  0.000000  [iru]
   18.56467   0.00000   0.00000  [cc]
   A[ 2 ]: -0.500000  1.000000  0.000000  [iru]
   -9.28233  16.07747   0.00000  [cc]
   A[ 3 ]:  0.000000  0.000000  1.000000  [iru]
    0.00000   0.00000  37.79452  [cc]

  Recip. lattice volume :  0.021989 [a.u.]
  Recip. lattice vectors:  B[ 1 ]  B[ 2 ]  B[ 3 ]
   B[ 1 ]:  1.000000  0.500000  0.000000  [iku]
   0.338449  0.195403 -0.000000  [cc]
   B[ 2 ]:  0.000000  1.000000  0.000000  [iku]
   0.000000  0.390807  0.000000  [cc]
   B[ 3 ]:  0.000000  0.000000  1.000000  [iku]
   0.000000 -0.000000  0.166246  [cc]
   

  [02.02] Symmetries
  ==================

  Inversion symmetry    : no
  Spatial inversion     : no
  K-space Time-reversal : no
  Magnetic symmetries   : no
  Group table correct   : yes
  Symmetries units      :  [cc]

   [S 1]:  1.000000  0.000000  0.000000  0.000000  1.000000  0.000000  0.000000  0.000000  1.000000

  [02.03] Reciprocal space
  ========================

  nG shells         :   83660
  nG charge         :  2524437
  nG WFs            :   341471
  nC WFs            :  315663
  G-vecs. in first 80 shells:  [ Number ]
     1    3    5   11   23   25   37   49   51
    57   69   81   93   99  111  113  125  137
   149  161  173  175  187  199  223  235  247
    271   283   307   309   315   327   339   351   363
    387   399   411   435   437   449   461   467   479
    491   503   515   527   551   575   587   599   623
    635   659   661   673   685   697   709   733   757
    763   775   787   799   823   835   847   859   861
    873   897   909   921   933   945   969   993
  ...
  Shell energy in first 80 shells:  [ mHa ]
     0.0000   13.8189   55.2754   76.3650   90.1838  124.3697  131.6404  200.7347  221.1017
   229.0949  242.9137  284.3703  297.4667  305.4599  319.2787  345.4714  353.4646  360.7353
   421.8363  429.8295  450.1965  497.4788  526.5615  534.5547  548.3737  573.8436  574.5662
   589.8303  650.9313  658.9245  677.1240  687.2847  701.1035  726.5736  742.5601  753.4890
   755.6566  802.9387  811.6544  880.0262  884.4067  906.2188  908.3864  916.3796  930.1984
    960.772      971.655      982.584      992.745      1006.56      1032.03      1032.76      1040.75      1048.02   
    1113.50      1117.11      1119.33      1137.48      1184.76      1189.87      1195.69      1211.68      1213.85   
    1221.84      1235.66      1261.85      1277.11      1338.22      1346.21      1348.42      1364.41      1381.89   
    1413.86      1418.96      1424.79      1442.94      1450.93      1458.25      1464.75      1490.22   
  ...

  [02.04] K-grid lattice
  ======================

  Compatible Grid is   : 2D
  Base K vectors       :  K_min[ 1 ]  K_min[ 2 ]  K_min[ 3 ]
  K_min[ 1 ] :  0.000000  0.037037  0.000000 [rlu]
  K_min[ 2 ] :  0.037037 -0.037037  0.000000 [rlu]
  Grid dimensions      :  27  27
  K lattice UC volume  :  0.301633E-4 [a.u.]

  IBZ K-points                                      :   729
  BZ  K-points                                      :   729

  K/Q-points units:
  rlu = crystal or reduced units; cc = cartesian coordinates; iku = interal k-units

  K [  1]        [rlu]:  0.000000  0.000000  0.000000
         WF components:  315509
  K [  2]        [rlu]:  0.000000  0.037037  0.000000
         WF components:  315535
  K [  3]        [rlu]:  0.000000  0.074074  0.000000
         WF components:  315543
  K [  4]        [rlu]:  0.000000  0.111111  0.000000
         WF components:  315495
  K [  5]        [rlu]:  0.000000  0.148148  0.000000
         WF components:  315511
  K [  6]        [rlu]:  0.000000  0.185185  0.000000
         WF components:  315507
  K [  7]        [rlu]:  0.000000  0.222222  0.000000
         WF components:  315473
  K [  8]        [rlu]:  0.000000  0.259259  0.000000
         WF components:  315421
  K [  9]        [rlu]:  0.000000  0.296296  0.000000
         WF components:  315484
  K [ 10]        [rlu]:  0.000000  0.333333  0.000000
         WF components:  315538
  K [ 11]        [rlu]:  0.000000  0.370370  0.000000
         WF components:  315536
  K [ 12]        [rlu]:  0.000000  0.407407  0.000000
         WF components:  315564
  K [ 13]        [rlu]:  0.000000  0.444444  0.000000
         WF components:  315572
  K [ 14]        [rlu]:  0.000000  0.481481  0.000000
         WF components:  315562
  K [ 15]        [rlu]:  0.000000 -0.481481  0.000000
         WF components:  315562
  K [ 16]        [rlu]:  0.000000 -0.444444  0.000000
         WF components:  315572
  K [ 17]        [rlu]:  0.000000 -0.407407  0.000000
         WF components:  315564
  K [ 18]        [rlu]:  0.000000 -0.370370  0.000000
         WF components:  315536
  K [ 19]        [rlu]:  0.000000 -0.333333  0.000000
         WF components:  315538
  K [ 20]        [rlu]:  0.000000 -0.296296  0.000000
         WF components:  315484
  K [ 21]        [rlu]:  0.000000 -0.259259  0.000000
         WF components:  315421
  K [ 22]        [rlu]:  0.000000 -0.222222  0.000000
         WF components:  315473
  K [ 23]        [rlu]:  0.000000 -0.185185  0.000000
         WF components:  315507
  K [ 24]        [rlu]:  0.000000 -0.148148  0.000000
         WF components:  315511
  K [ 25]        [rlu]:  0.000000 -0.111111  0.000000
         WF components:  315495
  K [ 26]        [rlu]:  0.000000 -0.074074  0.000000
         WF components:  315543
  K [ 27]        [rlu]:  0.000000 -0.037037  0.000000
         WF components:  315535
  K [ 28]        [rlu]:  0.037037  0.000000  0.000000
         WF components:  315535
  K [ 29]        [rlu]:  0.037037  0.037037  0.000000
         WF components:  315529
  K [ 30]        [rlu]:  0.037037  0.074074  0.000000
         WF components:  315519
  K [ 31]        [rlu]:  0.037037  0.111111  0.000000
         WF components:  315524
  K [ 32]        [rlu]:  0.037037  0.148148  0.000000
         WF components:  315531
  K [ 33]        [rlu]:  0.037037  0.185185  0.000000
         WF components:  315490
  K [ 34]        [rlu]:  0.037037  0.222222  0.000000
         WF components:  315466
  K [ 35]        [rlu]:  0.037037  0.259259  0.000000
         WF components:  315479
  K [ 36]        [rlu]:  0.037037  0.296296  0.000000
         WF components:  315487
  K [ 37]        [rlu]:  0.037037  0.333333  0.000000
         WF components:  315519
  K [ 38]        [rlu]:  0.037037  0.370370  0.000000
         WF components:  315524
  K [ 39]        [rlu]:  0.037037  0.407407  0.000000
         WF components:  315545
  K [ 40]        [rlu]:  0.037037  0.444444  0.000000
         WF components:  315543
  K [ 41]        [rlu]:  0.037037  0.481481  0.000000
         WF components:  315562
  K [ 42]        [rlu]:  0.037037 -0.481481  0.000000
         WF components:  315543
  K [ 43]        [rlu]:  0.037037 -0.444444  0.000000
         WF components:  315545
  K [ 44]        [rlu]:  0.037037 -0.407407  0.000000
         WF components:  315524
  K [ 45]        [rlu]:  0.037037 -0.370370  0.000000
         WF components:  315519
  K [ 46]        [rlu]:  0.037037 -0.333333  0.000000
         WF components:  315487
  K [ 47]        [rlu]:  0.037037 -0.296296  0.000000
         WF components:  315479
  K [ 48]        [rlu]:  0.037037 -0.259259  0.000000
         WF components:  315466
  K [ 49]        [rlu]:  0.037037 -0.222222  0.000000
         WF components:  315490
  K [ 50]        [rlu]:  0.037037 -0.185185  0.000000
         WF components:  315531

  Remaining 679 points informations can be written running with -fatlog


  [02.05] Energies & Occupations
  ==============================

  [X] === General ===
  [X] Electronic Temperature                        :  0.258606E-1   300.100    [eV K]
  [X] Bosonic    Temperature                        :  0.258606E-1   300.100    [eV K]
  [X] Finite Temperature mode                       : yes
  [X] El. density                                   :  0.76572E+23 [cm-3]
  [X] Fermi Level                                   : -4.246315 [eV]

  [X] === Gaps and Widths ===
  [X] Conduction Band Min                           : -4.246315 [eV]
  [X] Valence Band Max                              : -4.246315 [eV]
  [X] Filled Bands                                  :   63
  [X] Metallic Bands                                :   64   65
  [X] Empty Bands                                   :   66   80
   
  [X] === Metallic Characters ===
  [X] N of el / N of met el                         :  128.0000    2.0000
  [X] Average metallic occ.                         :  0.250001

  [WARNING] [X] Metallic system
   
  E @ K [  1]:  [eV]
  -19.58771 -18.31033 -18.24575 -18.19162 -18.06449 -17.99088 -17.75295 -15.62278
  -15.52693 -15.37126 -15.17494 -15.02642 -14.87327 -14.35761 -14.18840 -14.10654
  -13.29062 -13.21815 -13.05600 -10.91600 -10.74279 -10.42581 -10.40552 -10.33429
  -10.16142  -9.12414  -9.01872  -9.00563  -8.91401  -8.81240  -8.62106  -7.83038
  -7.757823 -7.622185 -7.434832 -7.277296 -7.158215 -7.008861 -6.506495 -6.289168
  -6.273387 -6.055548 -6.017801 -5.940504 -5.858297 -5.797921 -5.660691 -5.307546
  -5.235555 -4.941932 -4.727986 -4.577164 -4.499371 -3.156592 -3.054294 -3.004076
  -2.848962 -2.795032 -2.607611 -2.435582 -2.272229 -2.194907 -2.111219 -2.056195
   1.445025  1.555689  1.729510  2.391772  2.448323  2.749502  2.918150  2.945565
   3.066651  3.462190  4.077261  4.980952  5.066331  5.225986  5.250382  5.282385
  occ @ K [  1]
   2.000000  2.000000  2.000000  2.000000  2.000000  2.000000  2.000000  2.000000
   2.000000  2.000000  2.000000  2.000000  2.000000  2.000000  2.000000  2.000000
   2.000000  2.000000  2.000000  2.000000  2.000000  2.000000  2.000000  2.000000
   2.000000  2.000000  2.000000  2.000000  2.000000  2.000000  2.000000  2.000000
   2.000000  2.000000  2.000000  2.000000  2.000000  2.000000  2.000000  2.000000
   2.000000  2.000000  2.000000  2.000000  2.000000  2.000000  2.000000  2.000000
   2.000000  2.000000  2.000000  2.000000  2.000000  2.000000  2.000000  2.000000
   2.000000  2.000000  2.000000  2.000000  2.000000  2.000000  2.000000  2.000000
   0.000000  0.000000  0.000000  0.000000  0.000000  0.000000  0.000000  0.000000
   0.000000  0.000000  0.000000  0.000000  0.000000  0.000000  0.000000  0.000000
  E @ K [  2]:  [eV]
  -19.58576 -18.34530 -18.24927 -18.18739 -18.05534 -17.97235 -17.73510 -15.66149
  -15.55325 -15.35941 -15.17457 -15.00441 -14.84111 -14.37076 -14.20535 -14.11989
  -13.28194 -13.17960 -13.04305 -10.96057 -10.74712 -10.46921 -10.39530 -10.34528
  -10.11553  -9.16943  -9.05403  -8.96143  -8.88076  -8.81280  -8.56544  -7.90970
  -7.740063 -7.638825 -7.473810 -7.216340 -7.158876 -6.960831 -6.508523 -6.290981
  -6.278143 -6.103195 -5.987361 -5.959575 -5.843628 -5.789869 -5.629465 -5.324677
  -5.228635 -4.956995 -4.722294 -4.587427 -4.485327 -3.176175 -3.097082 -3.008757
  -2.864566 -2.774122 -2.599956 -2.410311 -2.275876 -2.208498 -2.101038 -2.043145
   1.451055  1.565677  1.731833  2.325727  2.459094  2.729817  2.867591  2.991734
   3.136034  3.470272  4.080066  4.963447  5.058047  5.147618  5.220962  5.318387
  occ @ K [  2]
   2.000000  2.000000  2.000000  2.000000  2.000000  2.000000  2.000000  2.000000
   2.000000  2.000000  2.000000  2.000000  2.000000  2.000000  2.000000  2.000000
   2.000000  2.000000  2.000000  2.000000  2.000000  2.000000  2.000000  2.000000
   2.000000  2.000000  2.000000  2.000000  2.000000  2.000000  2.000000  2.000000
   2.000000  2.000000  2.000000  2.000000  2.000000  2.000000  2.000000  2.000000
   2.000000  2.000000  2.000000  2.000000  2.000000  2.000000  2.000000  2.000000
   2.000000  2.000000  2.000000  2.000000  2.000000  2.000000  2.000000  2.000000
   2.000000  2.000000  2.000000  2.000000  2.000000  2.000000  2.000000  2.000000
   0.000000  0.000000  0.000000  0.000000  0.000000  0.000000  0.000000  0.000000
   0.000000  0.000000  0.000000  0.000000  0.000000  0.000000  0.000000  0.000000
  E @ K [  3]:  [eV]
  -19.57993 -18.41037 -18.28541 -18.17258 -18.03722 -17.91915 -17.68627 -15.75244
  -15.62150 -15.33885 -15.18079 -14.93070 -14.77049 -14.40979 -14.25716 -14.14004
  -13.25317 -13.08545 -13.00020 -11.06190 -10.78677 -10.55940 -10.43000 -10.30503
  -10.02662  -9.24952  -9.11000  -8.90461  -8.85627  -8.71958  -8.45589  -8.05716
  -7.769014 -7.667931 -7.526702 -7.158952 -7.082635 -6.864391 -6.513152 -6.308431
  -6.280562 -6.163715 -6.004430 -5.965466 -5.819098 -5.747046 -5.558856 -5.362020
  -5.221399 -4.992063 -4.719253 -4.602349 -4.452968 -3.234407 -3.192171 -3.027430
  -2.884506 -2.749701 -2.584651 -2.360181 -2.277871 -2.229195 -2.097719 -1.989367
   1.466369  1.596322  1.738343  2.207133  2.423512  2.687358  2.827365  3.070348
   3.263134  3.497669  4.088510  4.901808  5.038342  5.079481  5.159453  5.363734
  occ @ K [  3]
   2.000000  2.000000  2.000000  2.000000  2.000000  2.000000  2.000000  2.000000
   2.000000  2.000000  2.000000  2.000000  2.000000  2.000000  2.000000  2.000000
   2.000000  2.000000  2.000000  2.000000  2.000000  2.000000  2.000000  2.000000
   2.000000  2.000000  2.000000  2.000000  2.000000  2.000000  2.000000  2.000000
   2.000000  2.000000  2.000000  2.000000  2.000000  2.000000  2.000000  2.000000
   2.000000  2.000000  2.000000  2.000000  2.000000  2.000000  2.000000  2.000000
   2.000000  2.000000  2.000000  2.000000  2.000000  2.000000  2.000000  2.000000
   2.000000  2.000000  2.000000  2.000000  2.000000  2.000000  2.000000  2.000000
   0.000000  0.000000  0.000000  0.000000  0.000000  0.000000  0.000000  0.000000
   0.000000  0.000000  0.000000  0.000000  0.000000  0.000000  0.000000  0.000000
  E @ K [  4]:  [eV]
  -19.57021 -18.48455 -18.32870 -18.17845 -17.99865 -17.84968 -17.61478 -15.86494
  -15.71562 -15.31958 -15.18946 -14.82364 -14.70608 -14.46409 -14.32170 -14.14997
  -13.20528 -12.99071 -12.89961 -11.18841 -10.87133 -10.66732 -10.50037 -10.22650
  -9.929706 -9.328839 -9.184482 -8.857927 -8.775137 -8.588941 -8.362966 -8.202830
  -7.843783 -7.697832 -7.568586 -7.099140 -6.976117 -6.770764 -6.515937 -6.343283
  -6.280257 -6.204164 -6.036700 -5.982181 -5.772083 -5.690463 -5.480155 -5.400026
  -5.226178 -5.029218 -4.737707 -4.607351 -4.408712 -3.326921 -3.305251 -3.054990
  -2.902377 -2.738021 -2.573894 -2.370862 -2.254463 -2.222827 -2.084116 -1.903615
   1.485496  1.645540  1.747192  2.072991  2.342893  2.651820  2.799590  3.159864
   3.396743  3.554604  4.102589  4.806003  4.992178  5.061016  5.109104  5.419036
  occ @ K [  4]
   2.000000  2.000000  2.000000  2.000000  2.000000  2.000000  2.000000  2.000000
   2.000000  2.000000  2.000000  2.000000  2.000000  2.000000  2.000000  2.000000
   2.000000  2.000000  2.000000  2.000000  2.000000  2.000000  2.000000  2.000000
   2.000000  2.000000  2.000000  2.000000  2.000000  2.000000  2.000000  2.000000
   2.000000  2.000000  2.000000  2.000000  2.000000  2.000000  2.000000  2.000000
   2.000000  2.000000  2.000000  2.000000  2.000000  2.000000  2.000000  2.000000
   2.000000  2.000000  2.000000  2.000000  2.000000  2.000000  2.000000  2.000000
   2.000000  2.000000  2.000000  2.000000  2.000000  2.000000  2.000000  2.000000
   0.000000  0.000000  0.000000  0.000000  0.000000  0.000000  0.000000  0.000000
   0.000000  0.000000  0.000000  0.000000  0.000000  0.000000  0.000000  0.000000
  E @ K [  5]:  [eV]
  -19.55664 -18.56220 -18.36948 -18.19996 -17.94280 -17.77494 -17.52703 -15.98526
  -15.82384 -15.30125 -15.19719 -14.74770 -14.67120 -14.48838 -14.37403 -14.13903
  -13.14156 -12.91384 -12.74277 -11.32827 -10.98678 -10.78323 -10.59212 -10.13582
  -9.833237 -9.399796 -9.263897 -8.789969 -8.673307 -8.491616 -8.430497 -8.168509
  -7.908879 -7.759707 -7.576770 -7.026895 -6.884185 -6.717123 -6.517566 -6.382069
  -6.286033 -6.205225 -6.060015 -5.999979 -5.717058 -5.635140 -5.472624 -5.369612
  -5.243423 -5.051399 -4.773422 -4.608942 -4.354094 -3.445744 -3.419020 -3.090753
  -2.921739 -2.735920 -2.574882 -2.425889 -2.264963 -2.201388 -2.008214 -1.797866
   1.503651  1.696881  1.753221  1.945205  2.256694  2.623211  2.771677  3.238345
   3.522070  3.652619  4.122309  4.699784  4.944111  5.027420  5.099113  5.472825
  occ @ K [  5]
   2.000000  2.000000  2.000000  2.000000  2.000000  2.000000  2.000000  2.000000
   2.000000  2.000000  2.000000  2.000000  2.000000  2.000000  2.000000  2.000000
   2.000000  2.000000  2.000000  2.000000  2.000000  2.000000  2.000000  2.000000
   2.000000  2.000000  2.000000  2.000000  2.000000  2.000000  2.000000  2.000000
   2.000000  2.000000  2.000000  2.000000  2.000000  2.000000  2.000000  2.000000
   2.000000  2.000000  2.000000  2.000000  2.000000  2.000000  2.000000  2.000000
   2.000000  2.000000  2.000000  2.000000  2.000000  2.000000  2.000000  2.000000
   2.000000  2.000000  2.000000  2.000000  2.000000  2.000000  2.000000  2.000000
   0.000000  0.000000  0.000000  0.000000  0.000000  0.000000  0.000000  0.000000
   0.000000  0.000000  0.000000  0.000000  0.000000  0.000000  0.000000  0.000000
  E @ K [  6]:  [eV]
  -19.53926 -18.64038 -18.40622 -18.22631 -17.87780 -17.69790 -17.42746 -16.10766
  -15.93894 -15.28309 -15.20824 -14.82280 -14.57664 -14.48821 -14.39102 -14.08887
  -13.06523 -12.83211 -12.56547 -11.47620 -11.11988 -10.90451 -10.69947 -10.04253
  -9.740541 -9.459927 -9.338604 -8.730954 -8.655263 -8.564327 -8.303216 -8.124982
  -7.888896 -7.836862 -7.560108 -6.960105 -6.819849 -6.705458 -6.535525 -6.409406
  -6.290439 -6.187571 -6.071117 -5.988525 -5.677421 -5.588423 -5.496276 -5.336418
  -5.242369 -5.041749 -4.813127 -4.615145 -4.292282 -3.572779 -3.536044 -3.137151
  -2.945059 -2.741703 -2.593772 -2.487989 -2.279735 -2.209891 -1.886344 -1.679276
   1.513341  1.680434  1.754971  1.877745  2.208802  2.595180  2.740279  3.298205
   3.642638  3.782749  4.147718  4.595288  4.900329  4.979604  5.114566  5.429581
  occ @ K [  6]
   2.000000  2.000000  2.000000  2.000000  2.000000  2.000000  2.000000  2.000000
   2.000000  2.000000  2.000000  2.000000  2.000000  2.000000  2.000000  2.000000
   2.000000  2.000000  2.000000  2.000000  2.000000  2.000000  2.000000  2.000000
   2.000000  2.000000  2.000000  2.000000  2.000000  2.000000  2.000000  2.000000
   2.000000  2.000000  2.000000  2.000000  2.000000  2.000000  2.000000  2.000000
   2.000000  2.000000  2.000000  2.000000  2.000000  2.000000  2.000000  2.000000
   2.000000  2.000000  2.000000  2.000000  2.000000  2.000000  2.000000  2.000000
   2.000000  2.000000  2.000000  2.000000  2.000000  2.000000  2.000000  2.000000
   0.000000  0.000000  0.000000  0.000000  0.000000  0.000000  0.000000  0.000000
   0.000000  0.000000  0.000000  0.000000  0.000000  0.000000  0.000000  0.000000
  E @ K [  7]:  [eV]
  -19.51811 -18.71740 -18.43873 -18.25274 -17.80710 -17.61897 -17.31938 -16.22925
  -16.05682 -15.27074 -15.22940 -14.92080 -14.56576 -14.48265 -14.32781 -13.99525
  -12.97910 -12.74243 -12.38040 -11.62871 -11.26114 -11.02940 -10.81760  -9.95245
  -9.656712 -9.506375 -9.402674 -8.900447 -8.601905 -8.474753 -8.226111 -8.094089
  -7.903480 -7.770522 -7.528057 -6.922623 -6.793071 -6.706422 -6.566311 -6.418789
  -6.292668 -6.186396 -6.078451 -5.931325 -5.680783 -5.555712 -5.480898 -5.357247
  -5.210416 -4.993762 -4.840842 -4.626154 -4.228388 -3.698417 -3.655518 -3.196122
  -2.973934 -2.762612 -2.637736 -2.529974 -2.297395 -2.224874 -1.751365 -1.553491
   1.490857  1.577312  1.746165  1.888981  2.235335  2.566465  2.705184  3.345001
   3.763898  3.924241  4.178886  4.499454  4.859921  4.932598  5.135919  5.310911
  occ @ K [  7]
   2.000000  2.000000  2.000000  2.000000  2.000000  2.000000  2.000000  2.000000
   2.000000  2.000000  2.000000  2.000000  2.000000  2.000000  2.000000  2.000000
   2.000000  2.000000  2.000000  2.000000  2.000000  2.000000  2.000000  2.000000
   2.000000  2.000000  2.000000  2.000000  2.000000  2.000000  2.000000  2.000000
   2.000000  2.000000  2.000000  2.000000  2.000000  2.000000  2.000000  2.000000
   2.000000  2.000000  2.000000  2.000000  2.000000  2.000000  2.000000  2.000000
   2.000000  2.000000  2.000000  2.000000  2.000000  2.000000  2.000000  2.000000
   2.000000  2.000000  2.000000  2.000000  2.000000  2.000000  2.000000  2.000000
   0.000000  0.000000  0.000000  0.000000  0.000000  0.000000  0.000000  0.000000
   0.000000  0.000000  0.000000  0.000000  0.000000  0.000000  0.000000  0.000000
  E @ K [  8]:  [eV]
  -19.49331 -18.79219 -18.46707 -18.27727 -17.73209 -17.53797 -17.20552 -16.34808
  -16.17506 -15.31761 -15.22767 -14.98818 -14.61169 -14.50053 -14.19869 -13.87338
  -12.88570 -12.64606 -12.19722 -11.78179 -11.40164 -11.15577 -10.94269  -9.87345
  -9.600319 -9.532460 -9.442822 -9.101730 -8.539497 -8.429291 -8.209980 -8.029649
  -7.882649 -7.636822 -7.475869 -6.936778 -6.803007 -6.696513 -6.602886 -6.401906
  -6.295218 -6.198897 -6.079305 -5.891378 -5.695676 -5.549907 -5.444957 -5.357305
  -5.178846 -4.955303 -4.815817 -4.636667 -4.171218 -3.816679 -3.772172 -3.268243
  -3.009964 -2.820744 -2.678528 -2.548451 -2.317815 -2.239566 -1.614283 -1.425215
   1.391874  1.485487  1.742622  1.918892  2.321735  2.543237  2.667973  3.386400
   3.878438  4.062747  4.216057  4.422526  4.818911  4.888732  5.150899  5.198071
  occ @ K [  8]
   2.000000  2.000000  2.000000  2.000000  2.000000  2.000000  2.000000  2.000000
   2.000000  2.000000  2.000000  2.000000  2.000000  2.000000  2.000000  2.000000
   2.000000  2.000000  2.000000  2.000000  2.000000  2.000000  2.000000  2.000000
   2.000000  2.000000  2.000000  2.000000  2.000000  2.000000  2.000000  2.000000
   2.000000  2.000000  2.000000  2.000000  2.000000  2.000000  2.000000  2.000000
   2.000000  2.000000  2.000000  2.000000  2.000000  2.000000  2.000000  2.000000
   2.000000  2.000000  2.000000  2.000000  2.000000  2.000000  2.000000  2.000000
   2.000000  2.000000  2.000000  2.000000  2.000000  2.000000  2.000000  2.000000
   0.000000  0.000000  0.000000  0.000000  0.000000  0.000000  0.000000  0.000000
   0.000000  0.000000  0.000000  0.000000  0.000000  0.000000  0.000000  0.000000
  E @ K [  9]:  [eV]
  -19.46499 -18.86400 -18.49129 -18.29901 -17.65352 -17.45474 -17.08886 -16.46188
  -16.29212 -15.42538 -15.20466 -15.01390 -14.66540 -14.53392 -14.05359 -13.73765
  -12.78752 -12.54507 -12.04749 -11.91778 -11.52420 -11.28007 -11.07170  -9.82463
  -9.587635 -9.551544 -9.440822 -9.266805 -8.557885 -8.416116 -8.162813 -7.991533
  -7.753282 -7.530499 -7.383009 -6.987376 -6.849326 -6.689002 -6.630461 -6.369345
  -6.293975 -6.218840 -6.070599 -5.919969 -5.709644 -5.547826 -5.427266 -5.298648
  -5.140460 -4.956098 -4.733674 -4.630132 -4.142674 -3.924648 -3.865156 -3.352602
  -3.055995 -2.914502 -2.696580 -2.555260 -2.340269 -2.252503 -1.480574 -1.298689
   1.257547  1.390814  1.761888  1.955051  2.396245  2.556775  2.639888  3.427230
   3.965991  4.180003  4.259707  4.392013  4.763848  4.852525  5.086428  5.120997
  occ @ K [  9]
   2.000000  2.000000  2.000000  2.000000  2.000000  2.000000  2.000000  2.000000
   2.000000  2.000000  2.000000  2.000000  2.000000  2.000000  2.000000  2.000000
   2.000000  2.000000  2.000000  2.000000  2.000000  2.000000  2.000000  2.000000
   2.000000  2.000000  2.000000  2.000000  2.000000  2.000000  2.000000  2.000000
   2.000000  2.000000  2.000000  2.000000  2.000000  2.000000  2.000000  2.000000
   2.000000  2.000000  2.000000  2.000000  2.000000  2.000000  2.000000  2.000000
   2.000000  2.000000  2.000000  2.000000  2.000000  2.000000  2.000000  2.000000
   2.000000  2.000000  2.000000  2.000000  2.000000  2.000000  2.000000  2.000000
   0.000000  0.000000  0.000000  0.000000  0.000000  0.000000  0.000000  0.000000
   0.000000  0.000000  0.000000  0.000000  0.000000  0.000000  0.000000  0.000000
  E @ K [ 10]:  [eV]
  -19.43342 -18.93220 -18.51143 -18.31750 -17.57204 -17.36936 -16.97501 -16.56574
  -16.40676 -15.55790 -15.17753 -15.01415 -14.71957 -14.57188 -13.90621 -13.59678
  -12.68798 -12.44315 -12.10751 -11.91490 -11.57640 -11.39020 -11.20189  -9.84451
  -9.609967 -9.552989 -9.490307 -9.280607 -8.633547 -8.444757 -8.086855 -7.905444
  -7.608519 -7.455470 -7.256223 -7.051460 -6.907637 -6.742328 -6.610563 -6.343282
  -6.284401 -6.247984 -6.059858 -5.974025 -5.761789 -5.549101 -5.392092 -5.219655
  -5.090624 -4.959096 -4.676450 -4.562942 -4.176057 -4.035300 -3.884820 -3.446774
  -3.120147 -3.012607 -2.704976 -2.554644 -2.363782 -2.263465 -1.354876 -1.178279
   1.124723  1.287373  1.796145  1.995291  2.391824  2.560322  2.717820  3.469803
   3.992978  4.256911  4.309116  4.445619  4.676342  4.830624  4.984153  5.038379
  occ @ K [ 10]
   2.000000  2.000000  2.000000  2.000000  2.000000  2.000000  2.000000  2.000000
   2.000000  2.000000  2.000000  2.000000  2.000000  2.000000  2.000000  2.000000
   2.000000  2.000000  2.000000  2.000000  2.000000  2.000000  2.000000  2.000000
   2.000000  2.000000  2.000000  2.000000  2.000000  2.000000  2.000000  2.000000
   2.000000  2.000000  2.000000  2.000000  2.000000  2.000000  2.000000  2.000000
   2.000000  2.000000  2.000000  2.000000  2.000000  2.000000  2.000000  2.000000
   2.000000  2.000000  2.000000  2.000000  2.000000  2.000000  2.000000  2.000000
   2.000000  2.000000  2.000000  2.000000  2.000000  2.000000  2.000000  2.000000
   0.000000  0.000000  0.000000  0.000000  0.000000  0.000000  0.000000  0.000000
   0.000000  0.000000  0.000000  0.000000  0.000000  0.000000  0.000000  0.000000
  E @ K [ 11]:  [eV]
  -19.39912 -18.99602 -18.52753 -18.33248 -17.48861 -17.28237 -16.88393 -16.64087
  -16.51734 -15.69797 -15.14859 -15.00248 -14.77179 -14.60933 -13.76278 -13.45721
  -12.59500 -12.35441 -12.22744 -11.96347 -11.58579 -11.39766 -11.32414  -9.96138
  -9.650433 -9.600698 -9.450172 -9.208630 -8.724783 -8.512408 -7.986307 -7.795235
  -7.484972 -7.377192 -7.160921 -7.107427 -6.940977 -6.812572 -6.589874 -6.333227
  -6.306218 -6.256008 -6.087816 -5.986109 -5.828729 -5.570396 -5.346801 -5.148512
  -5.021286 -4.957498 -4.633537 -4.468062 -4.240163 -4.146204 -3.850287 -3.546267
  -3.213817 -3.089129 -2.710029 -2.548373 -2.387347 -2.272426 -1.242283 -1.069005
   1.003609  1.188002  1.836888  2.037377  2.356176  2.521268  2.879812  3.514683
   3.958675  4.306044  4.362064  4.494916  4.620372  4.821969  4.887261  4.992025
  occ @ K [ 11]
   2.000000  2.000000  2.000000  2.000000  2.000000  2.000000  2.000000  2.000000
   2.000000  2.000000  2.000000  2.000000  2.000000  2.000000  2.000000  2.000000
   2.000000  2.000000  2.000000  2.000000  2.000000  2.000000  2.000000  2.000000
   2.000000  2.000000  2.000000  2.000000  2.000000  2.000000  2.000000  2.000000
   2.000000  2.000000  2.000000  2.000000  2.000000  2.000000  2.000000  2.000000
   2.000000  2.000000  2.000000  2.000000  2.000000  2.000000  2.000000  2.000000
   2.000000  2.000000  2.000000  2.000000  2.000000  2.000000  2.000000  2.000000
   2.000000  2.000000  2.000000  2.000000  2.000000  2.000000  2.000000  2.000000
   0.000000  0.000000  0.000000  0.000000  0.000000  0.000000  0.000000  0.000000
   0.000000  0.000000  0.000000  0.000000  0.000000  0.000000  0.000000  0.000000
  E @ K [ 12]:  [eV]
  -19.36325 -19.05415 -18.53958 -18.34381 -17.40510 -17.19544 -16.87626 -16.64373
  -16.60589 -15.83601 -15.11970 -14.98555 -14.82030 -14.64264 -13.63058 -13.32634
  -12.54173 -12.35637 -12.23404 -12.04151 -11.67583 -11.46609 -11.22408 -10.14175
  -9.677484 -9.636213 -9.370626 -9.125607 -8.817911 -8.594880 -7.878121 -7.680975
  -7.410651 -7.297520 -7.169720 -7.129163 -6.930094 -6.829648 -6.581204 -6.387748
  -6.322476 -6.237308 -6.152558 -5.974572 -5.869255 -5.602059 -5.313253 -5.098675
  -4.948653 -4.930998 -4.579484 -4.446354 -4.265406 -4.217715 -3.808925 -3.641313
  -3.323814 -3.144745 -2.713360 -2.538200 -2.409817 -2.279314 -1.148786 -0.976962
   0.901703  1.102871  1.878184  2.078351  2.315575  2.479932  3.056529  3.560295
   3.897926  4.257685  4.414752  4.473742  4.711448  4.793581  4.827284  4.994451
  occ @ K [ 12]
   2.000000  2.000000  2.000000  2.000000  2.000000  2.000000  2.000000  2.000000
   2.000000  2.000000  2.000000  2.000000  2.000000  2.000000  2.000000  2.000000
   2.000000  2.000000  2.000000  2.000000  2.000000  2.000000  2.000000  2.000000
   2.000000  2.000000  2.000000  2.000000  2.000000  2.000000  2.000000  2.000000
   2.000000  2.000000  2.000000  2.000000  2.000000  2.000000  2.000000  2.000000
   2.000000  2.000000  2.000000  2.000000  2.000000  2.000000  2.000000  2.000000
   2.000000  2.000000  2.000000  2.000000  2.000000  2.000000  2.000000  2.000000
   2.000000  2.000000  2.000000  2.000000  2.000000  2.000000  2.000000  2.000000
   0.000000  0.000000  0.000000  0.000000  0.000000  0.000000  0.000000  0.000000
   0.000000  0.000000  0.000000  0.000000  0.000000  0.000000  0.000000  0.000000
  E @ K [ 13]:  [eV]
  -19.32876 -19.10352 -18.54762 -18.35140 -17.32646 -17.11435 -16.93484 -16.72535
  -16.53526 -15.96147 -15.09420 -14.96687 -14.86272 -14.66824 -13.52199 -13.21601
  -12.58593 -12.33937 -12.22555 -12.04840 -11.75998 -11.58473 -11.03368 -10.34027
  -9.691440 -9.657696 -9.288541 -9.048346 -8.902054 -8.677717 -7.775793 -7.574842
  -7.395076 -7.282146 -7.201514 -7.087686 -6.983725 -6.720875 -6.587870 -6.465409
  -6.324129 -6.267713 -6.185545 -5.997805 -5.848756 -5.638651 -5.290628 -5.083718
  -4.905169 -4.845553 -4.558875 -4.480593 -4.339854 -4.137889 -3.804390 -3.698654
  -3.425207 -3.185915 -2.715427 -2.526524 -2.429350 -2.284006 -1.081028 -0.909283
   0.826933  1.040319  1.913815  2.113558  2.279500  2.444447  3.227333  3.599557
   3.833480  4.123953  4.472356  4.501313  4.706444  4.786056  4.870245  5.029678
  occ @ K [ 13]
   2.000000  2.000000  2.000000  2.000000  2.000000  2.000000  2.000000  2.000000
   2.000000  2.000000  2.000000  2.000000  2.000000  2.000000  2.000000  2.000000
   2.000000  2.000000  2.000000  2.000000  2.000000  2.000000  2.000000  2.000000
   2.000000  2.000000  2.000000  2.000000  2.000000  2.000000  2.000000  2.000000
   2.000000  2.000000  2.000000  2.000000  2.000000  2.000000  2.000000  2.000000
   2.000000  2.000000  2.000000  2.000000  2.000000  2.000000  2.000000  2.000000
   2.000000  2.000000  2.000000  2.000000  2.000000  2.000000  2.000000  2.000000
   2.000000  2.000000  2.000000  2.000000  2.000000  2.000000  2.000000  2.000000
   0.000000  0.000000  0.000000  0.000000  0.000000  0.000000  0.000000  0.000000
   0.000000  0.000000  0.000000  0.000000  0.000000  0.000000  0.000000  0.000000
  E @ K [ 14]:  [eV]
  -19.30395 -19.13579 -18.55163 -18.35520 -17.26872 -17.06342 -16.97646 -16.79673
  -16.46087 -16.04948 -15.07813 -14.95013 -14.89326 -14.68241 -13.45729 -13.14747
  -12.64405 -12.32689 -12.22326 -12.01895 -11.79002 -11.68169 -10.85762 -10.51958
  -9.697231 -9.668455 -9.224431 -9.015270 -8.938851 -8.741909 -7.700720 -7.507682
  -7.399848 -7.330486 -7.182248 -7.100490 -6.962348 -6.657556 -6.572434 -6.506770
  -6.363389 -6.316273 -6.172515 -6.022187 -5.814483 -5.670201 -5.277247 -5.088071
  -4.856369 -4.781752 -4.603735 -4.489873 -4.369260 -4.060133 -3.849889 -3.698418
  -3.490569 -3.209213 -2.716418 -2.517613 -2.442088 -2.286387 -1.045209 -0.873082
   0.787009  1.007058  1.935538  2.135402  2.257040  2.422817  3.356875  3.613035
   3.789464  4.021776  4.504414  4.553411  4.627032  4.795630  4.966590  5.043828
  occ @ K [ 14]
   2.000000  2.000000  2.000000  2.000000  2.000000  2.000000  2.000000  2.000000
   2.000000  2.000000  2.000000  2.000000  2.000000  2.000000  2.000000  2.000000
   2.000000  2.000000  2.000000  2.000000  2.000000  2.000000  2.000000  2.000000
   2.000000  2.000000  2.000000  2.000000  2.000000  2.000000  2.000000  2.000000
   2.000000  2.000000  2.000000  2.000000  2.000000  2.000000  2.000000  2.000000
   2.000000  2.000000  2.000000  2.000000  2.000000  2.000000  2.000000  2.000000
   2.000000  2.000000  2.000000  2.000000  2.000000  2.000000  2.000000  2.000000
   2.000000  2.000000  2.000000  2.000000  2.000000  2.000000  2.000000  2.000000
   0.000000  0.000000  0.000000  0.000000  0.000000  0.000000  0.000000  0.000000
   0.000000  0.000000  0.000000  0.000000  0.000000  0.000000  0.000000  0.000000
  E @ K [ 15]:  [eV]
  -19.30395 -19.13579 -18.55163 -18.35520 -17.26872 -17.06342 -16.97646 -16.79673
  -16.46087 -16.04948 -15.07813 -14.95013 -14.89326 -14.68241 -13.45729 -13.14747
  -12.64405 -12.32689 -12.22326 -12.01895 -11.79002 -11.68169 -10.85762 -10.51958
  -9.697230 -9.668455 -9.224430 -9.015271 -8.938850 -8.741909 -7.700720 -7.507683
  -7.399848 -7.330486 -7.182249 -7.100490 -6.962348 -6.657556 -6.572434 -6.506771
  -6.363389 -6.316273 -6.172514 -6.022187 -5.814483 -5.670201 -5.277247 -5.088071
  -4.856369 -4.781752 -4.603735 -4.489873 -4.369260 -4.060133 -3.849889 -3.698418
  -3.490569 -3.209213 -2.716418 -2.517613 -2.442088 -2.286387 -1.045209 -0.873082
   0.787009  1.007058  1.935538  2.135402  2.257040  2.422817  3.356876  3.613037
   3.789464  4.021780  4.504413  4.553383  4.627022  4.795627  4.966595  5.043828
  occ @ K [ 15]
   2.000000  2.000000  2.000000  2.000000  2.000000  2.000000  2.000000  2.000000
   2.000000  2.000000  2.000000  2.000000  2.000000  2.000000  2.000000  2.000000
   2.000000  2.000000  2.000000  2.000000  2.000000  2.000000  2.000000  2.000000
   2.000000  2.000000  2.000000  2.000000  2.000000  2.000000  2.000000  2.000000
   2.000000  2.000000  2.000000  2.000000  2.000000  2.000000  2.000000  2.000000
   2.000000  2.000000  2.000000  2.000000  2.000000  2.000000  2.000000  2.000000
   2.000000  2.000000  2.000000  2.000000  2.000000  2.000000  2.000000  2.000000
   2.000000  2.000000  2.000000  2.000000  2.000000  2.000000  2.000000  2.000000
   0.000000  0.000000  0.000000  0.000000  0.000000  0.000000  0.000000  0.000000
   0.000000  0.000000  0.000000  0.000000  0.000000  0.000000  0.000000  0.000000
  E @ K [ 16]:  [eV]
  -19.32876 -19.10352 -18.54762 -18.35140 -17.32646 -17.11435 -16.93484 -16.72535
  -16.53526 -15.96147 -15.09420 -14.96687 -14.86272 -14.66824 -13.52199 -13.21601
  -12.58593 -12.33937 -12.22555 -12.04840 -11.75998 -11.58473 -11.03368 -10.34027
  -9.691440 -9.657696 -9.288541 -9.048346 -8.902054 -8.677717 -7.775793 -7.574842
  -7.395076 -7.282146 -7.201513 -7.087686 -6.983725 -6.720875 -6.587870 -6.465408
  -6.324128 -6.267714 -6.185545 -5.997804 -5.848756 -5.638650 -5.290627 -5.083718
  -4.905169 -4.845553 -4.558875 -4.480594 -4.339854 -4.137889 -3.804390 -3.698654
  -3.425207 -3.185914 -2.715427 -2.526524 -2.429351 -2.284006 -1.081029 -0.909283
   0.826933  1.040319  1.913815  2.113558  2.279500  2.444447  3.227334  3.599560
   3.833487  4.123955  4.472344  4.501310  4.706405  4.786052  4.870234  5.029646
  occ @ K [ 16]
   2.000000  2.000000  2.000000  2.000000  2.000000  2.000000  2.000000  2.000000
   2.000000  2.000000  2.000000  2.000000  2.000000  2.000000  2.000000  2.000000
   2.000000  2.000000  2.000000  2.000000  2.000000  2.000000  2.000000  2.000000
   2.000000  2.000000  2.000000  2.000000  2.000000  2.000000  2.000000  2.000000
   2.000000  2.000000  2.000000  2.000000  2.000000  2.000000  2.000000  2.000000
   2.000000  2.000000  2.000000  2.000000  2.000000  2.000000  2.000000  2.000000
   2.000000  2.000000  2.000000  2.000000  2.000000  2.000000  2.000000  2.000000
   2.000000  2.000000  2.000000  2.000000  2.000000  2.000000  2.000000  2.000000
   0.000000  0.000000  0.000000  0.000000  0.000000  0.000000  0.000000  0.000000
   0.000000  0.000000  0.000000  0.000000  0.000000  0.000000  0.000000  0.000000
  E @ K [ 17]:  [eV]
  -19.36325 -19.05415 -18.53958 -18.34381 -17.40510 -17.19544 -16.87626 -16.64373
  -16.60589 -15.83601 -15.11970 -14.98555 -14.82030 -14.64264 -13.63058 -13.32634
  -12.54173 -12.35637 -12.23404 -12.04151 -11.67583 -11.46609 -11.22408 -10.14175
  -9.677484 -9.636215 -9.370626 -9.125607 -8.817911 -8.594880 -7.878121 -7.680975
  -7.410651 -7.297520 -7.169720 -7.129163 -6.930093 -6.829647 -6.581203 -6.387748
  -6.322476 -6.237310 -6.152558 -5.974572 -5.869256 -5.602059 -5.313253 -5.098676
  -4.948653 -4.930998 -4.579484 -4.446354 -4.265406 -4.217715 -3.808925 -3.641313
  -3.323813 -3.144744 -2.713360 -2.538199 -2.409817 -2.279314 -1.148785 -0.976962
   0.901703  1.102870  1.878184  2.078351  2.315575  2.479932  3.056530  3.560296
   3.897928  4.257687  4.414756  4.473741  4.711448  4.793509  4.827270  4.994446
  occ @ K [ 17]
   2.000000  2.000000  2.000000  2.000000  2.000000  2.000000  2.000000  2.000000
   2.000000  2.000000  2.000000  2.000000  2.000000  2.000000  2.000000  2.000000
   2.000000  2.000000  2.000000  2.000000  2.000000  2.000000  2.000000  2.000000
   2.000000  2.000000  2.000000  2.000000  2.000000  2.000000  2.000000  2.000000
   2.000000  2.000000  2.000000  2.000000  2.000000  2.000000  2.000000  2.000000
   2.000000  2.000000  2.000000  2.000000  2.000000  2.000000  2.000000  2.000000
   2.000000  2.000000  2.000000  2.000000  2.000000  2.000000  2.000000  2.000000
   2.000000  2.000000  2.000000  2.000000  2.000000  2.000000  2.000000  2.000000
   0.000000  0.000000  0.000000  0.000000  0.000000  0.000000  0.000000  0.000000
   0.000000  0.000000  0.000000  0.000000  0.000000  0.000000  0.000000  0.000000
  E @ K [ 18]:  [eV]
  -19.39912 -18.99602 -18.52753 -18.33248 -17.48861 -17.28237 -16.88393 -16.64087
  -16.51734 -15.69798 -15.14859 -15.00248 -14.77179 -14.60933 -13.76278 -13.45721
  -12.59500 -12.35441 -12.22744 -11.96347 -11.58579 -11.39766 -11.32414  -9.96138
  -9.650433 -9.600698 -9.450172 -9.208630 -8.724783 -8.512407 -7.986307 -7.795235
  -7.484972 -7.377192 -7.160921 -7.107427 -6.940977 -6.812572 -6.589874 -6.333227
  -6.306218 -6.256008 -6.087816 -5.986109 -5.828729 -5.570396 -5.346801 -5.148512
  -5.021286 -4.957497 -4.633538 -4.468062 -4.240164 -4.146202 -3.850287 -3.546267
  -3.213817 -3.089130 -2.710030 -2.548372 -2.387347 -2.272426 -1.242283 -1.069005
   1.003609  1.188002  1.836888  2.037377  2.356176  2.521268  2.879812  3.514682
   3.958674  4.306043  4.362073  4.494916  4.620370  4.821972  4.887240  4.992050
  occ @ K [ 18]
   2.000000  2.000000  2.000000  2.000000  2.000000  2.000000  2.000000  2.000000
   2.000000  2.000000  2.000000  2.000000  2.000000  2.000000  2.000000  2.000000
   2.000000  2.000000  2.000000  2.000000  2.000000  2.000000  2.000000  2.000000
   2.000000  2.000000  2.000000  2.000000  2.000000  2.000000  2.000000  2.000000
   2.000000  2.000000  2.000000  2.000000  2.000000  2.000000  2.000000  2.000000
   2.000000  2.000000  2.000000  2.000000  2.000000  2.000000  2.000000  2.000000
   2.000000  2.000000  2.000000  2.000000  2.000000  2.000000  2.000000  2.000000
   2.000000  2.000000  2.000000  2.000000  2.000000  2.000000  2.000000  2.000000
   0.000000  0.000000  0.000000  0.000000  0.000000  0.000000  0.000000  0.000000
   0.000000  0.000000  0.000000  0.000000  0.000000  0.000000  0.000000  0.000000
  E @ K [ 19]:  [eV]
  -19.43342 -18.93220 -18.51143 -18.31750 -17.57204 -17.36936 -16.97501 -16.56574
  -16.40676 -15.55790 -15.17753 -15.01415 -14.71957 -14.57188 -13.90621 -13.59678
  -12.68798 -12.44315 -12.10751 -11.91490 -11.57640 -11.39020 -11.20189  -9.84451
  -9.609967 -9.552989 -9.490307 -9.280607 -8.633546 -8.444757 -8.086855 -7.905444
  -7.608519 -7.455471 -7.256223 -7.051459 -6.907636 -6.742328 -6.610563 -6.343282
  -6.284402 -6.247984 -6.059858 -5.974025 -5.761789 -5.549101 -5.392092 -5.219656
  -5.090624 -4.959096 -4.676450 -4.562942 -4.176057 -4.035299 -3.884817 -3.446774
  -3.120147 -3.012607 -2.704976 -2.554644 -2.363782 -2.263465 -1.354876 -1.178279
   1.124723  1.287373  1.796145  1.995291  2.391824  2.560322  2.717820  3.469805
   3.992979  4.256914  4.309119  4.445620  4.676353  4.830621  4.984184  5.038418
  occ @ K [ 19]
   2.000000  2.000000  2.000000  2.000000  2.000000  2.000000  2.000000  2.000000
   2.000000  2.000000  2.000000  2.000000  2.000000  2.000000  2.000000  2.000000
   2.000000  2.000000  2.000000  2.000000  2.000000  2.000000  2.000000  2.000000
   2.000000  2.000000  2.000000  2.000000  2.000000  2.000000  2.000000  2.000000
   2.000000  2.000000  2.000000  2.000000  2.000000  2.000000  2.000000  2.000000
   2.000000  2.000000  2.000000  2.000000  2.000000  2.000000  2.000000  2.000000
   2.000000  2.000000  2.000000  2.000000  2.000000  2.000000  2.000000  2.000000
   2.000000  2.000000  2.000000  2.000000  2.000000  2.000000  2.000000  2.000000
   0.000000  0.000000  0.000000  0.000000  0.000000  0.000000  0.000000  0.000000
   0.000000  0.000000  0.000000  0.000000  0.000000  0.000000  0.000000  0.000000
  E @ K [ 20]:  [eV]
  -19.46499 -18.86400 -18.49129 -18.29901 -17.65352 -17.45474 -17.08886 -16.46188
  -16.29212 -15.42538 -15.20466 -15.01390 -14.66540 -14.53392 -14.05359 -13.73765
  -12.78752 -12.54507 -12.04749 -11.91778 -11.52420 -11.28007 -11.07170  -9.82463
  -9.587635 -9.551545 -9.440822 -9.266804 -8.557885 -8.416116 -8.162812 -7.991533
  -7.753282 -7.530500 -7.383010 -6.987376 -6.849326 -6.689001 -6.630461 -6.369345
  -6.293975 -6.218841 -6.070598 -5.919969 -5.709644 -5.547826 -5.427266 -5.298648
  -5.140459 -4.956098 -4.733674 -4.630132 -4.142675 -3.924649 -3.865156 -3.352602
  -3.055995 -2.914502 -2.696580 -2.555260 -2.340269 -2.252502 -1.480574 -1.298689
   1.257547  1.390814  1.761888  1.955051  2.396245  2.556775  2.639888  3.427229
   3.965990  4.180002  4.259701  4.392012  4.763850  4.852522  5.086457  5.120955
  occ @ K [ 20]
   2.000000  2.000000  2.000000  2.000000  2.000000  2.000000  2.000000  2.000000
   2.000000  2.000000  2.000000  2.000000  2.000000  2.000000  2.000000  2.000000
   2.000000  2.000000  2.000000  2.000000  2.000000  2.000000  2.000000  2.000000
   2.000000  2.000000  2.000000  2.000000  2.000000  2.000000  2.000000  2.000000
   2.000000  2.000000  2.000000  2.000000  2.000000  2.000000  2.000000  2.000000
   2.000000  2.000000  2.000000  2.000000  2.000000  2.000000  2.000000  2.000000
   2.000000  2.000000  2.000000  2.000000  2.000000  2.000000  2.000000  2.000000
   2.000000  2.000000  2.000000  2.000000  2.000000  2.000000  2.000000  2.000000
   0.000000  0.000000  0.000000  0.000000  0.000000  0.000000  0.000000  0.000000
   0.000000  0.000000  0.000000  0.000000  0.000000  0.000000  0.000000  0.000000
  E @ K [ 21]:  [eV]
  -19.49331 -18.79218 -18.46707 -18.27727 -17.73209 -17.53797 -17.20552 -16.34807
  -16.17506 -15.31761 -15.22767 -14.98818 -14.61168 -14.50053 -14.19869 -13.87338
  -12.88570 -12.64606 -12.19722 -11.78179 -11.40163 -11.15576 -10.94268  -9.87344
  -9.600315 -9.532457 -9.442820 -9.101728 -8.539496 -8.429290 -8.209978 -8.029647
  -7.882648 -7.636820 -7.475866 -6.936777 -6.803005 -6.696513 -6.602885 -6.401905
  -6.295217 -6.198895 -6.079303 -5.891375 -5.695674 -5.549905 -5.444955 -5.357302
  -5.178844 -4.955301 -4.815816 -4.636665 -4.171214 -3.816678 -3.772171 -3.268241
  -3.009963 -2.820743 -2.678527 -2.548450 -2.317815 -2.239565 -1.614282 -1.425214
   1.391874  1.485487  1.742623  1.918893  2.321736  2.543238  2.667974  3.386402
   3.878440  4.062747  4.216064  4.422529  4.818913  4.888742  5.150943  5.197908
  occ @ K [ 21]
   2.000000  2.000000  2.000000  2.000000  2.000000  2.000000  2.000000  2.000000
   2.000000  2.000000  2.000000  2.000000  2.000000  2.000000  2.000000  2.000000
   2.000000  2.000000  2.000000  2.000000  2.000000  2.000000  2.000000  2.000000
   2.000000  2.000000  2.000000  2.000000  2.000000  2.000000  2.000000  2.000000
   2.000000  2.000000  2.000000  2.000000  2.000000  2.000000  2.000000  2.000000
   2.000000  2.000000  2.000000  2.000000  2.000000  2.000000  2.000000  2.000000
   2.000000  2.000000  2.000000  2.000000  2.000000  2.000000  2.000000  2.000000
   2.000000  2.000000  2.000000  2.000000  2.000000  2.000000  2.000000  2.000000
   0.000000  0.000000  0.000000  0.000000  0.000000  0.000000  0.000000  0.000000
   0.000000  0.000000  0.000000  0.000000  0.000000  0.000000  0.000000  0.000000
  E @ K [ 22]:  [eV]
  -19.51812 -18.71740 -18.43873 -18.25274 -17.80710 -17.61897 -17.31938 -16.22926
  -16.05682 -15.27074 -15.22940 -14.92080 -14.56576 -14.48265 -14.32781 -13.99525
  -12.97911 -12.74243 -12.38040 -11.62871 -11.26115 -11.02941 -10.81760  -9.95245
  -9.656714 -9.506376 -9.402676 -8.900450 -8.601908 -8.474756 -8.226112 -8.094090
  -7.903482 -7.770523 -7.528058 -6.922624 -6.793071 -6.706423 -6.566312 -6.418791
  -6.292669 -6.186397 -6.078453 -5.931326 -5.680785 -5.555714 -5.480900 -5.357249
  -5.210417 -4.993765 -4.840843 -4.626156 -4.228392 -3.698418 -3.655519 -3.196124
  -2.973935 -2.762613 -2.637737 -2.529974 -2.297396 -2.224876 -1.751366 -1.553493
   1.490856  1.577312  1.746165  1.888981  2.235334  2.566465  2.705184  3.345001
   3.763898  3.924240  4.178889  4.499450  4.859918  4.932596  5.135920  5.311061
  occ @ K [ 22]
   2.000000  2.000000  2.000000  2.000000  2.000000  2.000000  2.000000  2.000000
   2.000000  2.000000  2.000000  2.000000  2.000000  2.000000  2.000000  2.000000
   2.000000  2.000000  2.000000  2.000000  2.000000  2.000000  2.000000  2.000000
   2.000000  2.000000  2.000000  2.000000  2.000000  2.000000  2.000000  2.000000
   2.000000  2.000000  2.000000  2.000000  2.000000  2.000000  2.000000  2.000000
   2.000000  2.000000  2.000000  2.000000  2.000000  2.000000  2.000000  2.000000
   2.000000  2.000000  2.000000  2.000000  2.000000  2.000000  2.000000  2.000000
   2.000000  2.000000  2.000000  2.000000  2.000000  2.000000  2.000000  2.000000
   0.000000  0.000000  0.000000  0.000000  0.000000  0.000000  0.000000  0.000000
   0.000000  0.000000  0.000000  0.000000  0.000000  0.000000  0.000000  0.000000
  E @ K [ 23]:  [eV]
  -19.53926 -18.64038 -18.40622 -18.22631 -17.87780 -17.69790 -17.42746 -16.10766
  -15.93894 -15.28309 -15.20824 -14.82280 -14.57664 -14.48821 -14.39102 -14.08887
  -13.06523 -12.83211 -12.56547 -11.47620 -11.11988 -10.90451 -10.69947 -10.04253
  -9.740541 -9.459927 -9.338604 -8.730954 -8.655263 -8.564327 -8.303216 -8.124982
  -7.888896 -7.836862 -7.560108 -6.960105 -6.819849 -6.705458 -6.535525 -6.409407
  -6.290439 -6.187571 -6.071117 -5.988525 -5.677421 -5.588424 -5.496276 -5.336418
  -5.242369 -5.041749 -4.813127 -4.615145 -4.292282 -3.572779 -3.536044 -3.137151
  -2.945059 -2.741703 -2.593772 -2.487989 -2.279735 -2.209891 -1.886344 -1.679276
   1.513341  1.680433  1.754971  1.877745  2.208802  2.595180  2.740279  3.298205
   3.642638  3.782749  4.147724  4.595279  4.900326  4.979591  5.114563  5.430297
  occ @ K [ 23]
   2.000000  2.000000  2.000000  2.000000  2.000000  2.000000  2.000000  2.000000
   2.000000  2.000000  2.000000  2.000000  2.000000  2.000000  2.000000  2.000000
   2.000000  2.000000  2.000000  2.000000  2.000000  2.000000  2.000000  2.000000
   2.000000  2.000000  2.000000  2.000000  2.000000  2.000000  2.000000  2.000000
   2.000000  2.000000  2.000000  2.000000  2.000000  2.000000  2.000000  2.000000
   2.000000  2.000000  2.000000  2.000000  2.000000  2.000000  2.000000  2.000000
   2.000000  2.000000  2.000000  2.000000  2.000000  2.000000  2.000000  2.000000
   2.000000  2.000000  2.000000  2.000000  2.000000  2.000000  2.000000  2.000000
   0.000000  0.000000  0.000000  0.000000  0.000000  0.000000  0.000000  0.000000
   0.000000  0.000000  0.000000  0.000000  0.000000  0.000000  0.000000  0.000000
  E @ K [ 24]:  [eV]
  -19.55664 -18.56220 -18.36948 -18.19996 -17.94280 -17.77494 -17.52703 -15.98526
  -15.82384 -15.30125 -15.19719 -14.74770 -14.67120 -14.48838 -14.37403 -14.13903
  -13.14156 -12.91384 -12.74277 -11.32827 -10.98679 -10.78323 -10.59212 -10.13582
  -9.833237 -9.399796 -9.263897 -8.789969 -8.673307 -8.491616 -8.430497 -8.168509
  -7.908879 -7.759706 -7.576770 -7.026895 -6.884186 -6.717123 -6.517566 -6.382069
  -6.286033 -6.205225 -6.060015 -5.999980 -5.717059 -5.635140 -5.472624 -5.369612
  -5.243423 -5.051399 -4.773422 -4.608942 -4.354093 -3.445745 -3.419020 -3.090753
  -2.921739 -2.735921 -2.574882 -2.425889 -2.264963 -2.201388 -2.008214 -1.797866
   1.503651  1.696881  1.753221  1.945205  2.256694  2.623211  2.771677  3.238345
   3.522070  3.652619  4.122311  4.699781  4.944104  5.027423  5.099110  5.472804
  occ @ K [ 24]
   2.000000  2.000000  2.000000  2.000000  2.000000  2.000000  2.000000  2.000000
   2.000000  2.000000  2.000000  2.000000  2.000000  2.000000  2.000000  2.000000
   2.000000  2.000000  2.000000  2.000000  2.000000  2.000000  2.000000  2.000000
   2.000000  2.000000  2.000000  2.000000  2.000000  2.000000  2.000000  2.000000
   2.000000  2.000000  2.000000  2.000000  2.000000  2.000000  2.000000  2.000000
   2.000000  2.000000  2.000000  2.000000  2.000000  2.000000  2.000000  2.000000
   2.000000  2.000000  2.000000  2.000000  2.000000  2.000000  2.000000  2.000000
   2.000000  2.000000  2.000000  2.000000  2.000000  2.000000  2.000000  2.000000
   0.000000  0.000000  0.000000  0.000000  0.000000  0.000000  0.000000  0.000000
   0.000000  0.000000  0.000000  0.000000  0.000000  0.000000  0.000000  0.000000
  E @ K [ 25]:  [eV]
  -19.57021 -18.48455 -18.32870 -18.17845 -17.99865 -17.84968 -17.61478 -15.86494
  -15.71562 -15.31958 -15.18946 -14.82364 -14.70608 -14.46409 -14.32170 -14.14997
  -13.20528 -12.99071 -12.89961 -11.18841 -10.87132 -10.66732 -10.50037 -10.22650
  -9.929706 -9.328839 -9.184482 -8.857927 -8.775137 -8.588941 -8.362966 -8.202830
  -7.843783 -7.697832 -7.568586 -7.099140 -6.976117 -6.770764 -6.515937 -6.343283
  -6.280257 -6.204164 -6.036700 -5.982181 -5.772083 -5.690463 -5.480155 -5.400026
  -5.226178 -5.029218 -4.737707 -4.607351 -4.408713 -3.326921 -3.305251 -3.054990
  -2.902376 -2.738021 -2.573894 -2.370862 -2.254464 -2.222827 -2.084116 -1.903616
   1.485496  1.645540  1.747192  2.072991  2.342893  2.651820  2.799590  3.159864
   3.396743  3.554604  4.102588  4.806004  4.992183  5.061071  5.109151  5.419319
  occ @ K [ 25]
   2.000000  2.000000  2.000000  2.000000  2.000000  2.000000  2.000000  2.000000
   2.000000  2.000000  2.000000  2.000000  2.000000  2.000000  2.000000  2.000000
   2.000000  2.000000  2.000000  2.000000  2.000000  2.000000  2.000000  2.000000
   2.000000  2.000000  2.000000  2.000000  2.000000  2.000000  2.000000  2.000000
   2.000000  2.000000  2.000000  2.000000  2.000000  2.000000  2.000000  2.000000
   2.000000  2.000000  2.000000  2.000000  2.000000  2.000000  2.000000  2.000000
   2.000000  2.000000  2.000000  2.000000  2.000000  2.000000  2.000000  2.000000
   2.000000  2.000000  2.000000  2.000000  2.000000  2.000000  2.000000  2.000000
   0.000000  0.000000  0.000000  0.000000  0.000000  0.000000  0.000000  0.000000
   0.000000  0.000000  0.000000  0.000000  0.000000  0.000000  0.000000  0.000000
  E @ K [ 26]:  [eV]
  -19.57993 -18.41037 -18.28541 -18.17258 -18.03722 -17.91915 -17.68627 -15.75244
  -15.62150 -15.33885 -15.18079 -14.93070 -14.77049 -14.40979 -14.25716 -14.14004
  -13.25317 -13.08545 -13.00020 -11.06189 -10.78677 -10.55940 -10.43000 -10.30502
  -10.02662  -9.24952  -9.11000  -8.90461  -8.85627  -8.71958  -8.45589  -8.05716
  -7.769014 -7.667931 -7.526702 -7.158952 -7.082635 -6.864391 -6.513152 -6.308431
  -6.280562 -6.163715 -6.004429 -5.965467 -5.819098 -5.747046 -5.558856 -5.362021
  -5.221399 -4.992063 -4.719253 -4.602349 -4.452967 -3.234407 -3.192171 -3.027430
  -2.884506 -2.749701 -2.584651 -2.360181 -2.277871 -2.229195 -2.097719 -1.989367
   1.466369  1.596322  1.738343  2.207133  2.423512  2.687358  2.827365  3.070349
   3.263134  3.497668  4.088513  4.901808  5.038368  5.079511  5.159455  5.363638
  occ @ K [ 26]
   2.000000  2.000000  2.000000  2.000000  2.000000  2.000000  2.000000  2.000000
   2.000000  2.000000  2.000000  2.000000  2.000000  2.000000  2.000000  2.000000
   2.000000  2.000000  2.000000  2.000000  2.000000  2.000000  2.000000  2.000000
   2.000000  2.000000  2.000000  2.000000  2.000000  2.000000  2.000000  2.000000
   2.000000  2.000000  2.000000  2.000000  2.000000  2.000000  2.000000  2.000000
   2.000000  2.000000  2.000000  2.000000  2.000000  2.000000  2.000000  2.000000
   2.000000  2.000000  2.000000  2.000000  2.000000  2.000000  2.000000  2.000000
   2.000000  2.000000  2.000000  2.000000  2.000000  2.000000  2.000000  2.000000
   0.000000  0.000000  0.000000  0.000000  0.000000  0.000000  0.000000  0.000000
   0.000000  0.000000  0.000000  0.000000  0.000000  0.000000  0.000000  0.000000
  E @ K [ 27]:  [eV]
  -19.58576 -18.34530 -18.24927 -18.18739 -18.05534 -17.97235 -17.73510 -15.66149
  -15.55325 -15.35941 -15.17457 -15.00441 -14.84111 -14.37076 -14.20535 -14.11989
  -13.28194 -13.17960 -13.04305 -10.96057 -10.74712 -10.46921 -10.39530 -10.34528
  -10.11553  -9.16943  -9.05403  -8.96143  -8.88076  -8.81280  -8.56545  -7.90970
  -7.740063 -7.638825 -7.473810 -7.216340 -7.158876 -6.960831 -6.508522 -6.290981
  -6.278143 -6.103197 -5.987361 -5.959575 -5.843627 -5.789870 -5.629465 -5.324677
  -5.228635 -4.956992 -4.722290 -4.587424 -4.485326 -3.176175 -3.097082 -3.008757
  -2.864566 -2.774122 -2.599955 -2.410313 -2.275876 -2.208498 -2.101038 -2.043145
   1.451055  1.565687  1.731833  2.325727  2.459094  2.729816  2.867591  2.991733
   3.136034  3.470272  4.080065  4.963442  5.057992  5.147609  5.220898  5.318670
  occ @ K [ 27]
   2.000000  2.000000  2.000000  2.000000  2.000000  2.000000  2.000000  2.000000
   2.000000  2.000000  2.000000  2.000000  2.000000  2.000000  2.000000  2.000000
   2.000000  2.000000  2.000000  2.000000  2.000000  2.000000  2.000000  2.000000
   2.000000  2.000000  2.000000  2.000000  2.000000  2.000000  2.000000  2.000000
   2.000000  2.000000  2.000000  2.000000  2.000000  2.000000  2.000000  2.000000
   2.000000  2.000000  2.000000  2.000000  2.000000  2.000000  2.000000  2.000000
   2.000000  2.000000  2.000000  2.000000  2.000000  2.000000  2.000000  2.000000
   2.000000  2.000000  2.000000  2.000000  2.000000  2.000000  2.000000  2.000000
   0.000000  0.000000  0.000000  0.000000  0.000000  0.000000  0.000000  0.000000
   0.000000  0.000000  0.000000  0.000000  0.000000  0.000000  0.000000  0.000000
  E @ K [ 28]:  [eV]
  -19.58575 -18.34295 -18.26101 -18.16976 -18.06927 -17.96664 -17.73509 -15.66180
  -15.55043 -15.36838 -15.16285 -15.00760 -14.84324 -14.37974 -14.19579 -14.11658
  -13.28300 -13.20258 -13.02306 -10.94399 -10.75820 -10.49628 -10.40291 -10.31436
  -10.11338  -9.17120  -9.09213  -8.97913  -8.85410  -8.75786  -8.59314  -7.88088
  -7.771492 -7.629530 -7.432985 -7.285432 -7.186212 -6.912477 -6.508380 -6.307472
  -6.265842 -6.068542 -6.038434 -5.943059 -5.849643 -5.772165 -5.639098 -5.325510
  -5.225838 -4.947740 -4.728772 -4.586477 -4.488573 -3.171497 -3.105062 -3.014706
  -2.851442 -2.770473 -2.595907 -2.436393 -2.267773 -2.189706 -2.107314 -2.049217
   1.447764  1.558853  1.739607  2.362967  2.435512  2.703845  2.881296  2.979052
   3.148504  3.471138  4.080079  4.963355  5.061506  5.141397  5.213335  5.326724
  occ @ K [ 28]
   2.000000  2.000000  2.000000  2.000000  2.000000  2.000000  2.000000  2.000000
   2.000000  2.000000  2.000000  2.000000  2.000000  2.000000  2.000000  2.000000
   2.000000  2.000000  2.000000  2.000000  2.000000  2.000000  2.000000  2.000000
   2.000000  2.000000  2.000000  2.000000  2.000000  2.000000  2.000000  2.000000
   2.000000  2.000000  2.000000  2.000000  2.000000  2.000000  2.000000  2.000000
   2.000000  2.000000  2.000000  2.000000  2.000000  2.000000  2.000000  2.000000
   2.000000  2.000000  2.000000  2.000000  2.000000  2.000000  2.000000  2.000000
   2.000000  2.000000  2.000000  2.000000  2.000000  2.000000  2.000000  2.000000
   0.000000  0.000000  0.000000  0.000000  0.000000  0.000000  0.000000  0.000000
   0.000000  0.000000  0.000000  0.000000  0.000000  0.000000  0.000000  0.000000
  E @ K [ 29]:  [eV]
  -19.58183 -18.39228 -18.28057 -18.16351 -18.04137 -17.94487 -17.69970 -15.73785
  -15.55995 -15.40568 -15.11011 -14.99205 -14.79026 -14.41212 -14.21071 -14.13937
  -13.28958 -13.13284 -12.97899 -11.00311 -10.79445 -10.51916 -10.43042 -10.34810
  -10.01752  -9.26552  -9.10914  -8.93382  -8.83265  -8.69930  -8.51395  -7.93798
  -7.846840 -7.655015 -7.458900 -7.272155 -7.104961 -6.847516 -6.510095 -6.317937
  -6.269743 -6.122187 -6.032991 -5.942773 -5.826412 -5.760395 -5.588270 -5.356421
  -5.210392 -4.975307 -4.724272 -4.570796 -4.492935 -3.216359 -3.162829 -3.027836
  -2.860312 -2.771019 -2.573970 -2.399419 -2.266720 -2.207362 -2.095911 -2.023511
   1.451594  1.574458  1.751320  2.296080  2.428094  2.622806  2.879478  3.017272
   3.249869  3.489678  4.085723  4.929264  5.056430  5.067822  5.182551  5.329364
  occ @ K [ 29]
   2.000000  2.000000  2.000000  2.000000  2.000000  2.000000  2.000000  2.000000
   2.000000  2.000000  2.000000  2.000000  2.000000  2.000000  2.000000  2.000000
   2.000000  2.000000  2.000000  2.000000  2.000000  2.000000  2.000000  2.000000
   2.000000  2.000000  2.000000  2.000000  2.000000  2.000000  2.000000  2.000000
   2.000000  2.000000  2.000000  2.000000  2.000000  2.000000  2.000000  2.000000
   2.000000  2.000000  2.000000  2.000000  2.000000  2.000000  2.000000  2.000000
   2.000000  2.000000  2.000000  2.000000  2.000000  2.000000  2.000000  2.000000
   2.000000  2.000000  2.000000  2.000000  2.000000  2.000000  2.000000  2.000000
   0.000000  0.000000  0.000000  0.000000  0.000000  0.000000  0.000000  0.000000
   0.000000  0.000000  0.000000  0.000000  0.000000  0.000000  0.000000  0.000000
  E @ K [ 30]:  [eV]
  -19.57402 -18.45835 -18.32054 -18.15905 -18.01584 -17.88427 -17.63937 -15.84275
  -15.62380 -15.42232 -15.08520 -14.91528 -14.71946 -14.46519 -14.26714 -14.14388
  -13.27489 -13.01542 -12.91275 -11.11353 -10.86359 -10.59869 -10.45369 -10.34465
  -9.906238 -9.366899 -9.110744 -8.946542 -8.753145 -8.599655 -8.400981 -8.107954
  -7.889465 -7.665438 -7.517004 -7.246951 -6.966665 -6.774633 -6.516118 -6.335481
  -6.271795 -6.179878 -6.051828 -5.941283 -5.809917 -5.703847 -5.516836 -5.391810
  -5.208216 -5.009994 -4.729145 -4.583519 -4.456301 -3.320905 -3.221458 -3.059385
  -2.882825 -2.761472 -2.567455 -2.357038 -2.264389 -2.215012 -2.090239 -1.954503
   1.459929  1.613038  1.764311  2.177820  2.372329  2.571504  2.876701  3.083694
   3.361442  3.543398  4.097010  4.853575  4.983839  5.064980  5.153850  5.349021
  occ @ K [ 30]
   2.000000  2.000000  2.000000  2.000000  2.000000  2.000000  2.000000  2.000000
   2.000000  2.000000  2.000000  2.000000  2.000000  2.000000  2.000000  2.000000
   2.000000  2.000000  2.000000  2.000000  2.000000  2.000000  2.000000  2.000000
   2.000000  2.000000  2.000000  2.000000  2.000000  2.000000  2.000000  2.000000
   2.000000  2.000000  2.000000  2.000000  2.000000  2.000000  2.000000  2.000000
   2.000000  2.000000  2.000000  2.000000  2.000000  2.000000  2.000000  2.000000
   2.000000  2.000000  2.000000  2.000000  2.000000  2.000000  2.000000  2.000000
   2.000000  2.000000  2.000000  2.000000  2.000000  2.000000  2.000000  2.000000
   0.000000  0.000000  0.000000  0.000000  0.000000  0.000000  0.000000  0.000000
   0.000000  0.000000  0.000000  0.000000  0.000000  0.000000  0.000000  0.000000
  E @ K [ 31]:  [eV]
  -19.56235 -18.53106 -18.36460 -18.16990 -17.97526 -17.80841 -17.56100 -15.95948
  -15.72355 -15.41837 -15.08497 -14.80631 -14.68302 -14.50997 -14.32332 -14.13392
  -13.23812 -12.89261 -12.80779 -11.24767 -10.96457 -10.69641 -10.54042 -10.27483
  -9.794656 -9.458668 -9.144427 -8.921206 -8.644572 -8.486606 -8.379558 -8.196657
  -7.945853 -7.698327 -7.562418 -7.180123 -6.855191 -6.714251 -6.525239 -6.360547
  -6.279611 -6.201464 -6.073187 -5.961399 -5.760741 -5.647378 -5.474298 -5.392223
  -5.221819 -5.036838 -4.749807 -4.603813 -4.398670 -3.441865 -3.310933 -3.089554
  -2.907869 -2.759799 -2.570841 -2.393994 -2.239365 -2.199511 -2.053548 -1.857519
   1.469664  1.665615  1.772972  2.049493  2.284256  2.549514  2.857389  3.170636
   3.448264  3.649003  4.113947  4.752665  4.925356  5.069468  5.115104  5.398561
  occ @ K [ 31]
   2.000000  2.000000  2.000000  2.000000  2.000000  2.000000  2.000000  2.000000
   2.000000  2.000000  2.000000  2.000000  2.000000  2.000000  2.000000  2.000000
   2.000000  2.000000  2.000000  2.000000  2.000000  2.000000  2.000000  2.000000
   2.000000  2.000000  2.000000  2.000000  2.000000  2.000000  2.000000  2.000000
   2.000000  2.000000  2.000000  2.000000  2.000000  2.000000  2.000000  2.000000
   2.000000  2.000000  2.000000  2.000000  2.000000  2.000000  2.000000  2.000000
   2.000000  2.000000  2.000000  2.000000  2.000000  2.000000  2.000000  2.000000
   2.000000  2.000000  2.000000  2.000000  2.000000  2.000000  2.000000  2.000000
   0.000000  0.000000  0.000000  0.000000  0.000000  0.000000  0.000000  0.000000
   0.000000  0.000000  0.000000  0.000000  0.000000  0.000000  0.000000  0.000000
  E @ K [ 32]:  [eV]
  -19.54684 -18.60660 -18.40560 -18.19146 -17.91952 -17.72875 -17.46906 -16.08043
  -15.83743 -15.40589 -15.09513 -14.78346 -14.64799 -14.50960 -14.35560 -14.09872
  -13.18178 -12.79408 -12.65069 -11.39414 -11.08566 -10.80614 -10.64785 -10.19122
  -9.688828 -9.536182 -9.202426 -8.851157 -8.566575 -8.526293 -8.366584 -8.121823
  -7.970384 -7.765025 -7.563235 -7.098827 -6.795288 -6.678139 -6.534378 -6.398199
  -6.294626 -6.168865 -6.085042 -5.978693 -5.704468 -5.603604 -5.492661 -5.340193
  -5.235318 -5.044403 -4.780995 -4.623705 -4.332509 -3.567494 -3.420632 -3.122869
  -2.935793 -2.765931 -2.582514 -2.465892 -2.238186 -2.194949 -1.953471 -1.743765
   1.478831  1.695086  1.767187  1.948797  2.215643  2.534458  2.826648  3.250457
   3.531904  3.786304  4.136600  4.646424  4.877930  5.045136  5.107193  5.450165
  occ @ K [ 32]
   2.000000  2.000000  2.000000  2.000000  2.000000  2.000000  2.000000  2.000000
   2.000000  2.000000  2.000000  2.000000  2.000000  2.000000  2.000000  2.000000
   2.000000  2.000000  2.000000  2.000000  2.000000  2.000000  2.000000  2.000000
   2.000000  2.000000  2.000000  2.000000  2.000000  2.000000  2.000000  2.000000
   2.000000  2.000000  2.000000  2.000000  2.000000  2.000000  2.000000  2.000000
   2.000000  2.000000  2.000000  2.000000  2.000000  2.000000  2.000000  2.000000
   2.000000  2.000000  2.000000  2.000000  2.000000  2.000000  2.000000  2.000000
   2.000000  2.000000  2.000000  2.000000  2.000000  2.000000  2.000000  2.000000
   0.000000  0.000000  0.000000  0.000000  0.000000  0.000000  0.000000  0.000000
   0.000000  0.000000  0.000000  0.000000  0.000000  0.000000  0.000000  0.000000
  E @ K [ 33]:  [eV]
  -19.52754 -18.68255 -18.44213 -18.21621 -17.85457 -17.64779 -17.36683 -16.20192
  -15.95623 -15.39021 -15.12377 -14.86576 -14.60257 -14.45700 -14.36681 -14.02290
  -13.10951 -12.70020 -12.47153 -11.54759 -11.21779 -10.92457 -10.76662 -10.10529
  -9.626409 -9.563363 -9.262838 -8.802064 -8.729914 -8.422183 -8.288779 -8.079288
  -7.932023 -7.792820 -7.539085 -7.019062 -6.794509 -6.670711 -6.539034 -6.432909
  -6.308296 -6.133126 -6.083010 -5.960922 -5.680015 -5.560444 -5.503798 -5.333491
  -5.214343 -5.019466 -4.810682 -4.643250 -4.263651 -3.692405 -3.539456 -3.166997
  -2.967338 -2.778953 -2.607591 -2.541757 -2.247849 -2.202410 -1.824738 -1.619996
   1.480777  1.629712  1.741382  1.931092  2.208471  2.520033  2.787530  3.311940
   3.632695  3.931436  4.165064  4.544642  4.837976  4.998237  5.124858  5.371488
  occ @ K [ 33]
   2.000000  2.000000  2.000000  2.000000  2.000000  2.000000  2.000000  2.000000
   2.000000  2.000000  2.000000  2.000000  2.000000  2.000000  2.000000  2.000000
   2.000000  2.000000  2.000000  2.000000  2.000000  2.000000  2.000000  2.000000
   2.000000  2.000000  2.000000  2.000000  2.000000  2.000000  2.000000  2.000000
   2.000000  2.000000  2.000000  2.000000  2.000000  2.000000  2.000000  2.000000
   2.000000  2.000000  2.000000  2.000000  2.000000  2.000000  2.000000  2.000000
   2.000000  2.000000  2.000000  2.000000  2.000000  2.000000  2.000000  2.000000
   2.000000  2.000000  2.000000  2.000000  2.000000  2.000000  2.000000  2.000000
   0.000000  0.000000  0.000000  0.000000  0.000000  0.000000  0.000000  0.000000
   0.000000  0.000000  0.000000  0.000000  0.000000  0.000000  0.000000  0.000000
  E @ K [ 34]:  [eV]
  -19.50452 -18.75733 -18.47407 -18.24050 -17.78349 -17.56574 -17.25710 -16.32174
  -16.07606 -15.37668 -15.18865 -14.92952 -14.62687 -14.42653 -14.29501 -13.91251
  -13.02492 -12.60349 -12.28665 -11.70432 -11.35360 -11.04805 -10.89254 -10.02290
  -9.666133 -9.485773 -9.317867 -8.984669 -8.663761 -8.367296 -8.259766 -7.998500
  -7.941056 -7.694890 -7.496559 -6.958338 -6.826338 -6.689287 -6.567946 -6.430351
  -6.319145 -6.128889 -6.080171 -5.907023 -5.693073 -5.519941 -5.494003 -5.342655
  -5.186092 -4.971535 -4.814744 -4.660744 -4.198760 -3.810776 -3.660989 -3.225936
  -3.003136 -2.806670 -2.662948 -2.585772 -2.264300 -2.209996 -1.689023 -1.491212
   1.449753  1.514200  1.700605  1.963061  2.272186  2.509087  2.741642  3.360097
   3.745819  4.071091  4.199737  4.455347  4.804649  4.946021  5.145018  5.255400
  occ @ K [ 34]
   2.000000  2.000000  2.000000  2.000000  2.000000  2.000000  2.000000  2.000000
   2.000000  2.000000  2.000000  2.000000  2.000000  2.000000  2.000000  2.000000
   2.000000  2.000000  2.000000  2.000000  2.000000  2.000000  2.000000  2.000000
   2.000000  2.000000  2.000000  2.000000  2.000000  2.000000  2.000000  2.000000
   2.000000  2.000000  2.000000  2.000000  2.000000  2.000000  2.000000  2.000000
   2.000000  2.000000  2.000000  2.000000  2.000000  2.000000  2.000000  2.000000
   2.000000  2.000000  2.000000  2.000000  2.000000  2.000000  2.000000  2.000000
   2.000000  2.000000  2.000000  2.000000  2.000000  2.000000  2.000000  2.000000
   0.000000  0.000000  0.000000  0.000000  0.000000  0.000000  0.000000  0.000000
   0.000000  0.000000  0.000000  0.000000  0.000000  0.000000  0.000000  0.000000
  E @ K [ 35]:  [eV]
  -19.47790 -18.82985 -18.50155 -18.26273 -17.70771 -17.48235 -17.14262 -16.43796
  -16.19487 -15.39123 -15.26567 -14.95657 -14.66700 -14.45775 -14.15416 -13.78279
  -12.93112 -12.50457 -12.10994 -11.85920 -11.48239 -11.17266 -11.02266  -9.95333
  -9.697546 -9.436641 -9.365368 -9.150151 -8.614307 -8.377069 -8.230329 -7.966833
  -7.829916 -7.578995 -7.423595 -6.951465 -6.856203 -6.707452 -6.621814 -6.409731
  -6.317240 -6.144756 -6.074914 -5.894038 -5.694304 -5.538067 -5.441543 -5.320192
  -5.155782 -4.954294 -4.756553 -4.668764 -4.154209 -3.909261 -3.779029 -3.300327
  -3.044380 -2.871873 -2.709785 -2.605799 -2.283874 -2.216651 -1.554500 -1.361485
   1.338201  1.424431  1.684017  2.002157  2.362671  2.521946  2.691077  3.403047
   3.856545  4.184349  4.241225  4.399607  4.775615  4.885751  5.139433  5.152550
  occ @ K [ 35]
   2.000000  2.000000  2.000000  2.000000  2.000000  2.000000  2.000000  2.000000
   2.000000  2.000000  2.000000  2.000000  2.000000  2.000000  2.000000  2.000000
   2.000000  2.000000  2.000000  2.000000  2.000000  2.000000  2.000000  2.000000
   2.000000  2.000000  2.000000  2.000000  2.000000  2.000000  2.000000  2.000000
   2.000000  2.000000  2.000000  2.000000  2.000000  2.000000  2.000000  2.000000
   2.000000  2.000000  2.000000  2.000000  2.000000  2.000000  2.000000  2.000000
   2.000000  2.000000  2.000000  2.000000  2.000000  2.000000  2.000000  2.000000
   2.000000  2.000000  2.000000  2.000000  2.000000  2.000000  2.000000  2.000000
   0.000000  0.000000  0.000000  0.000000  0.000000  0.000000  0.000000  0.000000
   0.000000  0.000000  0.000000  0.000000  0.000000  0.000000  0.000000  0.000000
  E @ K [ 36]:  [eV]
  -19.44789 -18.89931 -18.52471 -18.28211 -17.62814 -17.39756 -17.02732 -16.54748
  -16.31125 -15.48904 -15.27769 -14.96558 -14.70681 -14.49843 -14.00533 -13.64436
  -12.83089 -12.40765 -12.03775 -11.94279 -11.57404 -11.29213 -11.15440  -9.91782
  -9.700168 -9.503718 -9.415772 -9.178339 -8.637906 -8.396390 -8.204060 -7.888311
  -7.684554 -7.494032 -7.309289 -7.000660 -6.887577 -6.734146 -6.651343 -6.398385
  -6.297684 -6.175961 -6.070715 -5.929235 -5.722268 -5.523517 -5.419466 -5.247807
  -5.120683 -4.959062 -4.691118 -4.625551 -4.169363 -3.969755 -3.869255 -3.388310
  -3.093938 -2.970838 -2.727077 -2.618414 -2.304142 -2.222932 -1.426490 -1.234610
   1.200856  1.330468  1.698758  2.041066  2.400725  2.595177  2.657488  3.445663
   3.940878  4.233581  4.283196  4.430548  4.728534  4.826377  5.038004  5.097284
  occ @ K [ 36]
   2.000000  2.000000  2.000000  2.000000  2.000000  2.000000  2.000000  2.000000
   2.000000  2.000000  2.000000  2.000000  2.000000  2.000000  2.000000  2.000000
   2.000000  2.000000  2.000000  2.000000  2.000000  2.000000  2.000000  2.000000
   2.000000  2.000000  2.000000  2.000000  2.000000  2.000000  2.000000  2.000000
   2.000000  2.000000  2.000000  2.000000  2.000000  2.000000  2.000000  2.000000
   2.000000  2.000000  2.000000  2.000000  2.000000  2.000000  2.000000  2.000000
   2.000000  2.000000  2.000000  2.000000  2.000000  2.000000  2.000000  2.000000
   2.000000  2.000000  2.000000  2.000000  2.000000  2.000000  2.000000  2.000000
   0.000000  0.000000  0.000000  0.000000  0.000000  0.000000  0.000000  0.000000
   0.000000  0.000000  0.000000  0.000000  0.000000  0.000000  0.000000  0.000000
  E @ K [ 37]:  [eV]
  -19.41484 -18.96497 -18.54364 -18.29823 -17.54557 -17.31186 -16.92177 -16.64086
  -16.42345 -15.62460 -15.25575 -14.97113 -14.74024 -14.54052 -13.85766 -13.50413
  -12.72748 -12.33073 -12.15880 -11.92906 -11.56865 -11.38081 -11.28305  -9.94507
  -9.712257 -9.594725 -9.451351 -9.111059 -8.708908 -8.458013 -8.124425 -7.780746
  -7.545062 -7.422489 -7.188163 -7.065690 -6.923581 -6.803782 -6.633851 -6.388404
  -6.274067 -6.228467 -6.076830 -5.964150 -5.788221 -5.517374 -5.377172 -5.168605
  -5.082814 -4.952516 -4.659133 -4.520614 -4.238433 -4.055686 -3.866267 -3.486203
  -3.162079 -3.069099 -2.732339 -2.624967 -2.324045 -2.228867 -1.310135 -1.114725
   1.068664  1.232823  1.730340  2.076529  2.397960  2.562234  2.786917  3.489975
   3.962748  4.261859  4.332669  4.507226  4.622713  4.813483  4.938278  5.046788
  occ @ K [ 37]
   2.000000  2.000000  2.000000  2.000000  2.000000  2.000000  2.000000  2.000000
   2.000000  2.000000  2.000000  2.000000  2.000000  2.000000  2.000000  2.000000
   2.000000  2.000000  2.000000  2.000000  2.000000  2.000000  2.000000  2.000000
   2.000000  2.000000  2.000000  2.000000  2.000000  2.000000  2.000000  2.000000
   2.000000  2.000000  2.000000  2.000000  2.000000  2.000000  2.000000  2.000000
   2.000000  2.000000  2.000000  2.000000  2.000000  2.000000  2.000000  2.000000
   2.000000  2.000000  2.000000  2.000000  2.000000  2.000000  2.000000  2.000000
   2.000000  2.000000  2.000000  2.000000  2.000000  2.000000  2.000000  2.000000
   0.000000  0.000000  0.000000  0.000000  0.000000  0.000000  0.000000  0.000000
   0.000000  0.000000  0.000000  0.000000  0.000000  0.000000  0.000000  0.000000
  E @ K [ 38]:  [eV]
  -19.37954 -19.02580 -18.55840 -18.31086 -17.46121 -17.22709 -16.87082 -16.67754
  -16.52587 -15.76507 -15.22577 -14.98059 -14.76421 -14.57965 -13.71716 -13.36861
  -12.62811 -12.36088 -12.19588 -11.98458 -11.59625 -11.42728 -11.29725 -10.06137
  -9.785922 -9.550514 -9.474924 -9.027390 -8.794777 -8.542768 -8.016369 -7.668727
  -7.437975 -7.339871 -7.141202 -7.117032 -6.909571 -6.874697 -6.617248 -6.373955
  -6.307688 -6.251440 -6.110853 -5.972325 -5.855679 -5.535501 -5.324915 -5.128564
  -5.025347 -4.917246 -4.612486 -4.451254 -4.280956 -4.157294 -3.820972 -3.587983
  -3.261345 -3.138400 -2.734864 -2.624506 -2.343215 -2.234141 -1.211149 -1.006938
   0.950337  1.144594  1.769856  2.104070  2.391212  2.502223  2.960946  3.535874
   3.925298  4.288274  4.388820  4.465723  4.617690  4.823378  4.849965  5.042500
  occ @ K [ 38]
   2.000000  2.000000  2.000000  2.000000  2.000000  2.000000  2.000000  2.000000
   2.000000  2.000000  2.000000  2.000000  2.000000  2.000000  2.000000  2.000000
   2.000000  2.000000  2.000000  2.000000  2.000000  2.000000  2.000000  2.000000
   2.000000  2.000000  2.000000  2.000000  2.000000  2.000000  2.000000  2.000000
   2.000000  2.000000  2.000000  2.000000  2.000000  2.000000  2.000000  2.000000
   2.000000  2.000000  2.000000  2.000000  2.000000  2.000000  2.000000  2.000000
   2.000000  2.000000  2.000000  2.000000  2.000000  2.000000  2.000000  2.000000
   2.000000  2.000000  2.000000  2.000000  2.000000  2.000000  2.000000  2.000000
   0.000000  0.000000  0.000000  0.000000  0.000000  0.000000  0.000000  0.000000
   0.000000  0.000000  0.000000  0.000000  0.000000  0.000000  0.000000  0.000000
  E @ K [ 39]:  [eV]
  -19.34381 -19.07980 -18.56905 -18.31985 -17.37776 -17.14996 -16.90999 -16.67400
  -16.56163 -15.89912 -15.19351 -14.99568 -14.78022 -14.61084 -13.59276 -13.24709
  -12.57353 -12.42441 -12.21809 -11.99025 -11.68431 -11.54243 -11.12644 -10.24267
  -9.820503 -9.516651 -9.449197 -8.957622 -8.872505 -8.629191 -7.902809 -7.563868
  -7.382717 -7.278885 -7.192761 -7.102312 -6.970628 -6.785610 -6.615137 -6.405312
  -6.346480 -6.243735 -6.174039 -5.972827 -5.886617 -5.565303 -5.294287 -5.112731
  -4.957996 -4.855981 -4.573113 -4.467549 -4.292653 -4.177907 -3.785093 -3.678586
  -3.370333 -3.184767 -2.737969 -2.616609 -2.361573 -2.238354 -1.135769 -0.917852
   0.853516  1.075414  1.812286  2.119600  2.382278  2.451798  3.138179  3.579910
   3.865532  4.198458  4.440284  4.460287  4.686573  4.753209  4.845857  5.086942
  occ @ K [ 39]
   2.000000  2.000000  2.000000  2.000000  2.000000  2.000000  2.000000  2.000000
   2.000000  2.000000  2.000000  2.000000  2.000000  2.000000  2.000000  2.000000
   2.000000  2.000000  2.000000  2.000000  2.000000  2.000000  2.000000  2.000000
   2.000000  2.000000  2.000000  2.000000  2.000000  2.000000  2.000000  2.000000
   2.000000  2.000000  2.000000  2.000000  2.000000  2.000000  2.000000  2.000000
   2.000000  2.000000  2.000000  2.000000  2.000000  2.000000  2.000000  2.000000
   2.000000  2.000000  2.000000  2.000000  2.000000  2.000000  2.000000  2.000000
   2.000000  2.000000  2.000000  2.000000  2.000000  2.000000  2.000000  2.000000
   0.000000  0.000000  0.000000  0.000000  0.000000  0.000000  0.000000  0.000000
   0.000000  0.000000  0.000000  0.000000  0.000000  0.000000  0.000000  0.000000
  E @ K [ 40]:  [eV]
  -19.31272 -19.12183 -18.57561 -18.32512 -17.30379 -17.10549 -16.94379 -16.74795
  -16.48815 -16.01123 -15.16388 -15.01138 -14.79536 -14.62786 -13.49997 -13.15621
  -12.62436 -12.37573 -12.26981 -11.96415 -11.76688 -11.62357 -10.93836 -10.43568
  -9.832149 -9.525347 -9.369300 -8.999724 -8.861633 -8.691534 -7.796662 -7.484291
  -7.377805 -7.317742 -7.190068 -7.080317 -6.991048 -6.671077 -6.630751 -6.470461
  -6.346869 -6.292876 -6.191846 -5.997398 -5.860694 -5.604193 -5.293794 -5.091065
  -4.894780 -4.800790 -4.589493 -4.464234 -4.355077 -4.093672 -3.814346 -3.706033
  -3.459889 -3.213299 -2.742057 -2.602134 -2.379097 -2.241145 -1.089953 -0.855446
   0.786525  1.032761  1.853002  2.123839  2.339362  2.448614  3.296956  3.609397
   3.809305  4.068527  4.471617  4.519420  4.666459  4.763630  4.854229  5.139653
  occ @ K [ 40]
   2.000000  2.000000  2.000000  2.000000  2.000000  2.000000  2.000000  2.000000
   2.000000  2.000000  2.000000  2.000000  2.000000  2.000000  2.000000  2.000000
   2.000000  2.000000  2.000000  2.000000  2.000000  2.000000  2.000000  2.000000
   2.000000  2.000000  2.000000  2.000000  2.000000  2.000000  2.000000  2.000000
   2.000000  2.000000  2.000000  2.000000  2.000000  2.000000  2.000000  2.000000
   2.000000  2.000000  2.000000  2.000000  2.000000  2.000000  2.000000  2.000000
   2.000000  2.000000  2.000000  2.000000  2.000000  2.000000  2.000000  2.000000
   2.000000  2.000000  2.000000  2.000000  2.000000  2.000000  2.000000  2.000000
   0.000000  0.000000  0.000000  0.000000  0.000000  0.000000  0.000000  0.000000
   0.000000  0.000000  0.000000  0.000000  0.000000  0.000000  0.000000  0.000000
  E @ K [ 41]:  [eV]
  -19.29891 -19.13914 -18.57809 -18.32664 -17.27151 -17.10114 -16.93476 -16.79465
  -16.44681 -16.06180 -15.14637 -15.01548 -14.81644 -14.62667 -13.46108 -13.12329
  -12.65878 -12.34714 -12.25531 -11.97434 -11.85565 -11.60813 -10.81879 -10.55773
  -9.831227 -9.532647 -9.289593 -9.085938 -8.880301 -8.670719 -7.719842 -7.478580
  -7.414912 -7.336339 -7.160446 -7.110090 -6.945069 -6.662291 -6.592970 -6.497797
  -6.388862 -6.306979 -6.178164 -6.017572 -5.818742 -5.647525 -5.312424 -5.062243
  -4.872910 -4.774727 -4.598963 -4.477569 -4.362562 -4.044396 -3.858580 -3.701619
  -3.498680 -3.219942 -2.746134 -2.582665 -2.395696 -2.242275 -1.077910 -0.827484
   0.757062  1.021744  1.885753  2.124400  2.275400  2.478688  3.378217  3.611450
   3.785936  4.005887  4.483446  4.584941  4.595129  4.795683  4.893504  5.115101
  occ @ K [ 41]
   2.000000  2.000000  2.000000  2.000000  2.000000  2.000000  2.000000  2.000000
   2.000000  2.000000  2.000000  2.000000  2.000000  2.000000  2.000000  2.000000
   2.000000  2.000000  2.000000  2.000000  2.000000  2.000000  2.000000  2.000000
   2.000000  2.000000  2.000000  2.000000  2.000000  2.000000  2.000000  2.000000
   2.000000  2.000000  2.000000  2.000000  2.000000  2.000000  2.000000  2.000000
   2.000000  2.000000  2.000000  2.000000  2.000000  2.000000  2.000000  2.000000
   2.000000  2.000000  2.000000  2.000000  2.000000  2.000000  2.000000  2.000000
   2.000000  2.000000  2.000000  2.000000  2.000000  2.000000  2.000000  2.000000
   0.000000  0.000000  0.000000  0.000000  0.000000  0.000000  0.000000  0.000000
   0.000000  0.000000  0.000000  0.000000  0.000000  0.000000  0.000000  0.000000
  E @ K [ 42]:  [eV]
  -19.31329 -19.12083 -18.57653 -18.32436 -17.31381 -17.08737 -16.94789 -16.74925
  -16.49247 -16.01226 -15.14987 -14.99678 -14.84332 -14.60965 -13.49022 -13.16451
  -12.62785 -12.35093 -12.20090 -12.01845 -11.90435 -11.52149 -10.93926 -10.43697
  -9.820333 -9.534196 -9.244070 -9.156239 -8.932087 -8.593694 -7.719292 -7.541518
  -7.446196 -7.291518 -7.192231 -7.070399 -6.962027 -6.675909 -6.588854 -6.532662
  -6.328773 -6.297896 -6.173566 -6.013051 -5.795990 -5.675771 -5.335505 -5.042009
  -4.914984 -4.784793 -4.571632 -4.483483 -4.342278 -4.087732 -3.838376 -3.704480
  -3.467223 -3.203140 -2.748813 -2.559835 -2.411078 -2.241643 -1.100644 -0.838333
   0.769169  1.043939  1.902875  2.129602  2.211791  2.519905  3.304951  3.613307
   3.807422  4.057022  4.476263  4.519414  4.667814  4.784622  4.931203  5.029245
  occ @ K [ 42]
   2.000000  2.000000  2.000000  2.000000  2.000000  2.000000  2.000000  2.000000
   2.000000  2.000000  2.000000  2.000000  2.000000  2.000000  2.000000  2.000000
   2.000000  2.000000  2.000000  2.000000  2.000000  2.000000  2.000000  2.000000
   2.000000  2.000000  2.000000  2.000000  2.000000  2.000000  2.000000  2.000000
   2.000000  2.000000  2.000000  2.000000  2.000000  2.000000  2.000000  2.000000
   2.000000  2.000000  2.000000  2.000000  2.000000  2.000000  2.000000  2.000000
   2.000000  2.000000  2.000000  2.000000  2.000000  2.000000  2.000000  2.000000
   2.000000  2.000000  2.000000  2.000000  2.000000  2.000000  2.000000  2.000000
   0.000000  0.000000  0.000000  0.000000  0.000000  0.000000  0.000000  0.000000
   0.000000  0.000000  0.000000  0.000000  0.000000  0.000000  0.000000  0.000000
  E @ K [ 43]:  [eV]
  -19.34457 -19.07819 -18.57092 -18.31832 -17.39032 -17.13050 -16.91262 -16.66092
  -16.58195 -15.90179 -15.16756 -14.96188 -14.87064 -14.58225 -13.57619 -13.25976
  -12.56655 -12.35952 -12.16663 -12.08367 -11.84469 -11.41056 -11.13071 -10.24160
  -9.799848 -9.529056 -9.293217 -9.183452 -8.938380 -8.506337 -7.793787 -7.650688
  -7.413875 -7.298012 -7.176606 -7.113462 -6.935923 -6.767197 -6.601860 -6.464680
  -6.304451 -6.234642 -6.175323 -5.981218 -5.820155 -5.661263 -5.354228 -5.066404
  -4.952882 -4.844094 -4.535058 -4.485820 -4.290516 -4.171614 -3.817004 -3.680090
  -3.382991 -3.167815 -2.748654 -2.535247 -2.424575 -2.239265 -1.155524 -0.886527
   0.820926  1.096989  1.900912  2.115136  2.183403  2.564661  3.149650  3.585769
   3.866323  4.180037  4.440959  4.465854  4.746851  4.762382  4.879430  4.984388
  occ @ K [ 43]
   2.000000  2.000000  2.000000  2.000000  2.000000  2.000000  2.000000  2.000000
   2.000000  2.000000  2.000000  2.000000  2.000000  2.000000  2.000000  2.000000
   2.000000  2.000000  2.000000  2.000000  2.000000  2.000000  2.000000  2.000000
   2.000000  2.000000  2.000000  2.000000  2.000000  2.000000  2.000000  2.000000
   2.000000  2.000000  2.000000  2.000000  2.000000  2.000000  2.000000  2.000000
   2.000000  2.000000  2.000000  2.000000  2.000000  2.000000  2.000000  2.000000
   2.000000  2.000000  2.000000  2.000000  2.000000  2.000000  2.000000  2.000000
   2.000000  2.000000  2.000000  2.000000  2.000000  2.000000  2.000000  2.000000
   0.000000  0.000000  0.000000  0.000000  0.000000  0.000000  0.000000  0.000000
   0.000000  0.000000  0.000000  0.000000  0.000000  0.000000  0.000000  0.000000
  E @ K [ 44]:  [eV]
  -19.38029 -19.02372 -18.56125 -18.30851 -17.47469 -17.20914 -16.87379 -16.65536
  -16.55400 -15.77023 -15.18878 -14.93390 -14.88109 -14.54892 -13.69603 -13.38344
  -12.56344 -12.32433 -12.24431 -12.01200 -11.74230 -11.34288 -11.26632 -10.04694
  -9.769032 -9.515518 -9.368542 -9.241624 -8.880051 -8.421610 -7.898829 -7.761266
  -7.440845 -7.321940 -7.203757 -7.105608 -6.941715 -6.797936 -6.611081 -6.387011
  -6.305820 -6.209505 -6.128581 -5.951772 -5.843176 -5.628937 -5.367857 -5.135960
  -4.993983 -4.892172 -4.585055 -4.440179 -4.280527 -4.164926 -3.841703 -3.602910
  -3.276373 -3.120116 -2.744215 -2.511093 -2.434544 -2.235238 -1.237308 -0.965691
   0.905479  1.175434  1.884676  2.057738  2.212325  2.607511  2.976012  3.542547
   3.933206  4.287076  4.388934  4.436127  4.710948  4.807307  4.844665  4.988081
  occ @ K [ 44]
   2.000000  2.000000  2.000000  2.000000  2.000000  2.000000  2.000000  2.000000
   2.000000  2.000000  2.000000  2.000000  2.000000  2.000000  2.000000  2.000000
   2.000000  2.000000  2.000000  2.000000  2.000000  2.000000  2.000000  2.000000
   2.000000  2.000000  2.000000  2.000000  2.000000  2.000000  2.000000  2.000000
   2.000000  2.000000  2.000000  2.000000  2.000000  2.000000  2.000000  2.000000
   2.000000  2.000000  2.000000  2.000000  2.000000  2.000000  2.000000  2.000000
   2.000000  2.000000  2.000000  2.000000  2.000000  2.000000  2.000000  2.000000
   2.000000  2.000000  2.000000  2.000000  2.000000  2.000000  2.000000  2.000000
   0.000000  0.000000  0.000000  0.000000  0.000000  0.000000  0.000000  0.000000
   0.000000  0.000000  0.000000  0.000000  0.000000  0.000000  0.000000  0.000000
  E @ K [ 45]:  [eV]
  -19.41552 -18.96242 -18.54753 -18.29502 -17.55986 -17.29416 -16.92465 -16.62439
  -16.44660 -15.63388 -15.20706 -14.94502 -14.84424 -14.51300 -13.83256 -13.52054
  -12.62999 -12.38295 -12.18428 -11.92408 -11.63583 -11.47466 -11.15411  -9.88391
  -9.728410 -9.487103 -9.427274 -9.318582 -8.795069 -8.350457 -8.014999 -7.860280
  -7.530550 -7.405951 -7.209524 -7.115039 -6.936128 -6.744050 -6.625234 -6.335704
  -6.311258 -6.215557 -6.054810 -5.972855 -5.801912 -5.599900 -5.385778 -5.213409
  -5.060677 -4.918318 -4.633419 -4.497207 -4.231082 -4.081080 -3.872479 -3.507797
  -3.173328 -3.058764 -2.734117 -2.492069 -2.436563 -2.229683 -1.339768 -1.067699
   1.014192  1.271930  1.861648  1.996159  2.254553  2.635577  2.815396  3.497555
   3.989384  4.266307  4.336694  4.451348  4.666820  4.820495  4.936527  5.016727
  occ @ K [ 45]
   2.000000  2.000000  2.000000  2.000000  2.000000  2.000000  2.000000  2.000000
   2.000000  2.000000  2.000000  2.000000  2.000000  2.000000  2.000000  2.000000
   2.000000  2.000000  2.000000  2.000000  2.000000  2.000000  2.000000  2.000000
   2.000000  2.000000  2.000000  2.000000  2.000000  2.000000  2.000000  2.000000
   2.000000  2.000000  2.000000  2.000000  2.000000  2.000000  2.000000  2.000000
   2.000000  2.000000  2.000000  2.000000  2.000000  2.000000  2.000000  2.000000
   2.000000  2.000000  2.000000  2.000000  2.000000  2.000000  2.000000  2.000000
   2.000000  2.000000  2.000000  2.000000  2.000000  2.000000  2.000000  2.000000
   0.000000  0.000000  0.000000  0.000000  0.000000  0.000000  0.000000  0.000000
   0.000000  0.000000  0.000000  0.000000  0.000000  0.000000  0.000000  0.000000
  E @ K [ 46]:  [eV]
  -19.44849 -18.89621 -18.52973 -18.27794 -17.64347 -17.37924 -17.03026 -16.53214
  -16.33497 -15.50494 -15.21593 -14.96316 -14.79081 -14.47780 -13.97558 -13.66242
  -12.71671 -12.49421 -12.06620 -11.91780 -11.57003 -11.45592 -11.02758  -9.79311
  -9.700258 -9.474998 -9.415982 -9.357075 -8.705657 -8.313889 -8.132416 -7.928648
  -7.661062 -7.480543 -7.326766 -7.057551 -6.878502 -6.698277 -6.634369 -6.331922
  -6.301508 -6.226562 -6.028915 -5.956878 -5.742550 -5.581956 -5.416655 -5.286683
  -5.113605 -4.946973 -4.690541 -4.567765 -4.162635 -4.006518 -3.858654 -3.412403
  -3.099204 -2.972919 -2.717155 -2.484425 -2.424373 -2.222719 -1.456897 -1.185087
   1.138908  1.377684  1.837812  1.938793  2.296014  2.580904  2.747025  3.454505
   4.007185  4.187171  4.284631  4.415758  4.689826  4.881710  5.035860  5.081367
  occ @ K [ 46]
   2.000000  2.000000  2.000000  2.000000  2.000000  2.000000  2.000000  2.000000
   2.000000  2.000000  2.000000  2.000000  2.000000  2.000000  2.000000  2.000000
   2.000000  2.000000  2.000000  2.000000  2.000000  2.000000  2.000000  2.000000
   2.000000  2.000000  2.000000  2.000000  2.000000  2.000000  2.000000  2.000000
   2.000000  2.000000  2.000000  2.000000  2.000000  2.000000  2.000000  2.000000
   2.000000  2.000000  2.000000  2.000000  2.000000  2.000000  2.000000  2.000000
   2.000000  2.000000  2.000000  2.000000  2.000000  2.000000  2.000000  2.000000
   2.000000  2.000000  2.000000  2.000000  2.000000  2.000000  2.000000  2.000000
   0.000000  0.000000  0.000000  0.000000  0.000000  0.000000  0.000000  0.000000
   0.000000  0.000000  0.000000  0.000000  0.000000  0.000000  0.000000  0.000000
  E @ K [ 47]:  [eV]
  -19.47842 -18.82606 -18.50780 -18.25749 -17.72448 -17.46274 -17.14633 -16.42207
  -16.22114 -15.40468 -15.20365 -14.96899 -14.73372 -14.44830 -14.11748 -13.80273
  -12.80628 -12.60437 -12.11529 -11.86001 -11.46638 -11.33863 -10.90143  -9.79572
  -9.688003 -9.510700 -9.421073 -9.210554 -8.627957 -8.339022 -8.234571 -7.959335
  -7.788020 -7.566679 -7.440945 -6.997283 -6.820972 -6.697022 -6.610963 -6.352073
  -6.291797 -6.239856 -6.043561 -5.901423 -5.707188 -5.579765 -5.441261 -5.348627
  -5.149827 -4.964644 -4.785254 -4.584071 -4.158740 -3.920332 -3.778215 -3.323519
  -3.053612 -2.873414 -2.691859 -2.483761 -2.401987 -2.214465 -1.583349 -1.311805
   1.272030  1.481003  1.818080  1.889685  2.315315  2.473651  2.766294  3.413787
   3.955272  4.085826  4.238370  4.409397  4.725935  4.941836  5.137048  5.157865
  occ @ K [ 47]
   2.000000  2.000000  2.000000  2.000000  2.000000  2.000000  2.000000  2.000000
   2.000000  2.000000  2.000000  2.000000  2.000000  2.000000  2.000000  2.000000
   2.000000  2.000000  2.000000  2.000000  2.000000  2.000000  2.000000  2.000000
   2.000000  2.000000  2.000000  2.000000  2.000000  2.000000  2.000000  2.000000
   2.000000  2.000000  2.000000  2.000000  2.000000  2.000000  2.000000  2.000000
   2.000000  2.000000  2.000000  2.000000  2.000000  2.000000  2.000000  2.000000
   2.000000  2.000000  2.000000  2.000000  2.000000  2.000000  2.000000  2.000000
   2.000000  2.000000  2.000000  2.000000  2.000000  2.000000  2.000000  2.000000
   0.000000  0.000000  0.000000  0.000000  0.000000  0.000000  0.000000  0.000000
   0.000000  0.000000  0.000000  0.000000  0.000000  0.000000  0.000000  0.000000
  E @ K [ 48]:  [eV]
  -19.50496 -18.75269 -18.48165 -18.23399 -17.80226 -17.54418 -17.26190 -16.30453
  -16.10654 -15.35609 -15.16963 -14.94072 -14.67695 -14.43671 -14.24600 -13.93425
  -12.89266 -12.70988 -12.28659 -11.71732 -11.32928 -11.20969 -10.77865  -9.86143
  -9.701591 -9.525911 -9.393519 -9.017010 -8.594313 -8.421981 -8.282347 -8.040708
  -7.823947 -7.686871 -7.507005 -6.963253 -6.788771 -6.699446 -6.582037 -6.376378
  -6.289656 -6.246361 -6.044205 -5.899647 -5.693260 -5.587824 -5.451027 -5.374225
  -5.185706 -4.974896 -4.866498 -4.579416 -4.203148 -3.805406 -3.670824 -3.244573
  -3.022159 -2.786633 -2.654661 -2.481509 -2.376552 -2.205166 -1.714208 -1.442982
   1.403349  1.566360  1.804467  1.855807  2.263861  2.452630  2.794880  3.373986
   3.854777  3.958023  4.198444  4.463527  4.763270  4.988571  5.152561  5.255559
  occ @ K [ 48]
   2.000000  2.000000  2.000000  2.000000  2.000000  2.000000  2.000000  2.000000
   2.000000  2.000000  2.000000  2.000000  2.000000  2.000000  2.000000  2.000000
   2.000000  2.000000  2.000000  2.000000  2.000000  2.000000  2.000000  2.000000
   2.000000  2.000000  2.000000  2.000000  2.000000  2.000000  2.000000  2.000000
   2.000000  2.000000  2.000000  2.000000  2.000000  2.000000  2.000000  2.000000
   2.000000  2.000000  2.000000  2.000000  2.000000  2.000000  2.000000  2.000000
   2.000000  2.000000  2.000000  2.000000  2.000000  2.000000  2.000000  2.000000
   2.000000  2.000000  2.000000  2.000000  2.000000  2.000000  2.000000  2.000000
   0.000000  0.000000  0.000000  0.000000  0.000000  0.000000  0.000000  0.000000
   0.000000  0.000000  0.000000  0.000000  0.000000  0.000000  0.000000  0.000000
  E @ K [ 49]:  [eV]
  -19.52790 -18.67685 -18.45110 -18.20815 -17.87620 -17.62362 -17.37293 -16.18277
  -15.99303 -15.34108 -15.15289 -14.86166 -14.62892 -14.47405 -14.32864 -14.04497
  -12.97273 -12.80864 -12.47180 -11.56894 -11.18605 -11.07815 -10.66234  -9.94598
  -9.769893 -9.481203 -9.350151 -8.820061 -8.634352 -8.521279 -8.268319 -8.170008
  -7.859120 -7.736958 -7.543561 -6.977054 -6.777873 -6.706494 -6.549762 -6.390452
  -6.294721 -6.242410 -6.041167 -5.948535 -5.692231 -5.590577 -5.472100 -5.349712
  -5.226613 -5.022554 -4.868621 -4.575336 -4.259514 -3.679427 -3.556846 -3.177186
  -2.997847 -2.731008 -2.606191 -2.469847 -2.350824 -2.195732 -1.844071 -1.574346
   1.505701  1.632295  1.788458  1.843574  2.212584  2.486914  2.820050  3.331681
   3.737160  3.818690  4.164494  4.548370  4.804588  5.029444  5.134910  5.371780
  occ @ K [ 49]
   2.000000  2.000000  2.000000  2.000000  2.000000  2.000000  2.000000  2.000000
   2.000000  2.000000  2.000000  2.000000  2.000000  2.000000  2.000000  2.000000
   2.000000  2.000000  2.000000  2.000000  2.000000  2.000000  2.000000  2.000000
   2.000000  2.000000  2.000000  2.000000  2.000000  2.000000  2.000000  2.000000
   2.000000  2.000000  2.000000  2.000000  2.000000  2.000000  2.000000  2.000000
   2.000000  2.000000  2.000000  2.000000  2.000000  2.000000  2.000000  2.000000
   2.000000  2.000000  2.000000  2.000000  2.000000  2.000000  2.000000  2.000000
   2.000000  2.000000  2.000000  2.000000  2.000000  2.000000  2.000000  2.000000
   0.000000  0.000000  0.000000  0.000000  0.000000  0.000000  0.000000  0.000000
   0.000000  0.000000  0.000000  0.000000  0.000000  0.000000  0.000000  0.000000
  E @ K [ 50]:  [eV]
  -19.54713 -18.59967 -18.41575 -18.18153 -17.94524 -17.70137 -17.47647 -16.05870
  -15.88342 -15.33324 -15.16113 -14.76511 -14.63652 -14.51904 -14.36347 -14.11681
  -13.04484 -12.89806 -12.65458 -11.42375 -11.04882 -10.94508 -10.55658 -10.03652
  -9.857635 -9.411208 -9.295016 -8.742368 -8.650498 -8.571700 -8.363930 -8.174733
  -7.960880 -7.682819 -7.559227 -7.031188 -6.805744 -6.720856 -6.513803 -6.393854
  -6.296221 -6.237772 -6.058176 -5.967174 -5.730523 -5.592400 -5.473320 -5.338564
  -5.261750 -5.056563 -4.829666 -4.579982 -4.314178 -3.550544 -3.443530 -3.121318
  -2.977264 -2.702626 -2.572280 -2.437798 -2.325252 -2.189958 -1.964270 -1.701594
   1.537362  1.690505  1.765909  1.858602  2.233134  2.533832  2.838657  3.280648
   3.611507  3.687872  4.136306  4.646341  4.851810  5.060993  5.127322  5.459724
  occ @ K [ 50]
   2.000000  2.000000  2.000000  2.000000  2.000000  2.000000  2.000000  2.000000
   2.000000  2.000000  2.000000  2.000000  2.000000  2.000000  2.000000  2.000000
   2.000000  2.000000  2.000000  2.000000  2.000000  2.000000  2.000000  2.000000
   2.000000  2.000000  2.000000  2.000000  2.000000  2.000000  2.000000  2.000000
   2.000000  2.000000  2.000000  2.000000  2.000000  2.000000  2.000000  2.000000
   2.000000  2.000000  2.000000  2.000000  2.000000  2.000000  2.000000  2.000000
   2.000000  2.000000  2.000000  2.000000  2.000000  2.000000  2.000000  2.000000
   2.000000  2.000000  2.000000  2.000000  2.000000  2.000000  2.000000  2.000000
   0.000000  0.000000  0.000000  0.000000  0.000000  0.000000  0.000000  0.000000
   0.000000  0.000000  0.000000  0.000000  0.000000  0.000000  0.000000  0.000000

 Timing [Min/Max/Average]: 17m-25s/17m-25s/17m-25s

 [03] Transferred momenta grid and indexing
 ==========================================


 IBZ Q-points                                      :   729
 BZ  Q-points                                      :   729

 K/Q-points units:
 rlu = crystal or reduced units; cc = cartesian coordinates; iku = interal k-units

 Q [  1]        [rlu]:  0.000000  0.000000  0.000000
 Q [  2]        [rlu]:  0.000000  0.037037  0.000000
 Q [  3]        [rlu]:  0.000000  0.074074  0.000000
 Q [  4]        [rlu]:  0.000000  0.111111  0.000000
 Q [  5]        [rlu]:  0.000000  0.148148  0.000000
 Q [  6]        [rlu]:  0.000000  0.185185  0.000000
 Q [  7]        [rlu]:  0.000000  0.222222  0.000000
 Q [  8]        [rlu]:  0.000000  0.259259  0.000000
 Q [  9]        [rlu]:  0.000000  0.296296  0.000000
 Q [ 10]        [rlu]:  0.000000  0.333333  0.000000
 Q [ 11]        [rlu]:  0.000000  0.370370  0.000000
 Q [ 12]        [rlu]:  0.000000  0.407407  0.000000
 Q [ 13]        [rlu]:  0.000000  0.444444  0.000000
 Q [ 14]        [rlu]:  0.000000  0.481481  0.000000
 Q [ 15]        [rlu]:  0.000000 -0.481481  0.000000
 Q [ 16]        [rlu]:  0.000000 -0.444444  0.000000
 Q [ 17]        [rlu]:  0.000000 -0.407407  0.000000
 Q [ 18]        [rlu]:  0.000000 -0.370370  0.000000
 Q [ 19]        [rlu]:  0.000000 -0.333333  0.000000
 Q [ 20]        [rlu]:  0.000000 -0.296296  0.000000
 Q [ 21]        [rlu]:  0.000000 -0.259259  0.000000
 Q [ 22]        [rlu]:  0.000000 -0.222222  0.000000
 Q [ 23]        [rlu]:  0.000000 -0.185185  0.000000
 Q [ 24]        [rlu]:  0.000000 -0.148148  0.000000
 Q [ 25]        [rlu]:  0.000000 -0.111111  0.000000
 Q [ 26]        [rlu]:  0.000000 -0.074074  0.000000
 Q [ 27]        [rlu]:  0.000000 -0.037037  0.000000
 Q [ 28]        [rlu]:  0.037037  0.000000  0.000000
 Q [ 29]        [rlu]:  0.037037  0.037037  0.000000
 Q [ 30]        [rlu]:  0.037037  0.074074  0.000000
 Q [ 31]        [rlu]:  0.037037  0.111111  0.000000
 Q [ 32]        [rlu]:  0.037037  0.148148  0.000000
 Q [ 33]        [rlu]:  0.037037  0.185185  0.000000
 Q [ 34]        [rlu]:  0.037037  0.222222  0.000000
 Q [ 35]        [rlu]:  0.037037  0.259259  0.000000
 Q [ 36]        [rlu]:  0.037037  0.296296  0.000000
 Q [ 37]        [rlu]:  0.037037  0.333333  0.000000
 Q [ 38]        [rlu]:  0.037037  0.370370  0.000000
 Q [ 39]        [rlu]:  0.037037  0.407407  0.000000
 Q [ 40]        [rlu]:  0.037037  0.444444  0.000000
 Q [ 41]        [rlu]:  0.037037  0.481481  0.000000
 Q [ 42]        [rlu]:  0.037037 -0.481481  0.000000
 Q [ 43]        [rlu]:  0.037037 -0.444444  0.000000
 Q [ 44]        [rlu]:  0.037037 -0.407407  0.000000
 Q [ 45]        [rlu]:  0.037037 -0.370370  0.000000
 Q [ 46]        [rlu]:  0.037037 -0.333333  0.000000
 Q [ 47]        [rlu]:  0.037037 -0.296296  0.000000
 Q [ 48]        [rlu]:  0.037037 -0.259259  0.000000
 Q [ 49]        [rlu]:  0.037037 -0.222222  0.000000
 Q [ 50]        [rlu]:  0.037037 -0.185185  0.000000

 Remaining 679 points informations can be written running with -fatlog


  [03.01] X indexes
  =================


   [03.01.01] Sigma indexes
   ========================

   [WR./SAVE//ndb.kindx]-----------------------------------------------------------
    Fragmentation                                    : no
    Polarization last K ( bz)                        :   729
    Polarization last K (ibz)                        :   729
    QP states                                        :     1   729
    X grid is uniform                                : yes
    Grids (string)                                   :  X S
    Grids (int-vector)                               :  1  0  0  1
   - S/N 006728 ---------------------------------------------- v.05.03.00 r.23927 -

 Timing [Min/Max/Average]: 01m-05s/01m-05s/01m-05s

 [04] Timing Overview
 ====================

 Clock: global (MAX - min (if any spread is present) clocks)
          io_KB_abinit :      0.0000s P32 [MAX]      0.0000s P20 [min]
            io_COL_CUT :      0.0000s P32 [MAX]      0.0000s P16 [min]
            io_DIPOLES :      0.0000s P32 [MAX]      0.0000s P2 [min]
      io_ATMPROJ_pwscf :      0.0001s P16 [MAX]      0.0000s P12 [min]
                 io_HF :      0.0001s P32 [MAX]      0.0001s P20 [min]
              io_QINDX :      0.0125s P1 (3 calls,   4.169 msec avg) [MAX]      0.0001s P31 (2 calls,   0.041 msec avg) [min]
               io_GROT :      0.0399s P1 (3 calls,  13.312 msec avg) [MAX]      0.0001s P24 (3 calls,   0.038 msec avg) [min]
        io_Double_Grid :      0.0011s P30 (2 calls,   0.559 msec avg) [MAX]      0.0006s P2 (2 calls,   0.313 msec avg) [min]
                 io_WF :      0.0027s P4 [MAX]      0.0014s P16 [min]
           io_KB_pwscf :      0.0023s P10 [MAX]      0.0017s P25 [min]
       bz_samp_indexes :      1.6437s P31 [MAX]      1.6431s P1 [min]

 [05] Game Over & Game summary
 =============================

 08/08/2025 at 09:44 yambo @ b007.anvil.rcac.purdue.edu [start]
 08/08/2025 at 10:02                                    [end]

 Timing   [Min/Max/Average]: 18m-33s/18m-33s/18m-33s
             [Time-Profile]: 18m-33s

 .-ACKNOWLEDGMENT
 |
 | The users of YAMBO have little formal obligations with respect to
 | the YAMBO group (those specified in the GNU General Public
 | License, http://www.gnu.org/copyleft/gpl.txt). However, it is
 | common practice in the scientific literature, to acknowledge the
 | efforts of people that have made the research possible. In this
 | spirit, please find below the reference we kindly ask you to use
 | in order to acknowledge YAMBO
 |
 | Many-body perturbation theory calculations using the yambo code
 | D. Sangalli, A. Ferretti, H. Miranda, C. Attaccalite, I. Marri, E. Cannuccia, P. Melo,
 | M Marsili, F Paleari, A Marrazzo, G Prandini, P Bonfà, M O Atambo, F Affinito,
 | M Palummo, A Molina-Sánchez, C Hogan, M Grüning, D Varsano and A Marini.
 | J. Phys.: Condens. Matter 31, 325902 (2019).
 |
 | Yambo: An ab initio tool for excited state calculations
 | A. Marini, C. Hogan, M. Grüning, D. Varsano
 | Computer Physics Communications 180, 1392 (2009).
 |
  
 .-Input file  (none)
 | ElecTemp= 0.025861         eV    # Electronic Temperature
 | BoseTemp= 0.025861         eV    # Bosonic Temperature
 | #DegFix                        # Force the code to impose the energy levels to respect their degeneracy
 | K_grids= " X S"                  # [KPT] Select the grids (X=response, S=sigma, C=collisions, B=bse) [default X S C B]
 | %QptCoord                        # [KPT] [iku] Q-points coordinates (compatibility)
 | %
